Workbook
Name SKINS: SUMMARY!$C$27

Sheet Master
B3: 3 | D3: Course | K3: Pure Michigan Open 2k21
H4: Front | T4: Back
E5: Hole | F5: 1 | G5: 2 | H5: 3 | I5: 4 | J5: 5 | K5: 6 | L5: 7 | M5: 8 | N5: 9 | O5: Out | Q5: 10 | R5: 11 | S5: 12 | T5: 13 | U5: 14 | V5: 15 | W5: 16 | X5: 17 | Y5: 18 | Z5: In | AA5: Total
E6: Color | O6: =SUM(F6:N6) -> 0 | Z6: =SUM(Q6:Y6) -> 0 | AA6: =Z6+O6 -> 0
E7: Par | O7: =SUM(F7:N7) -> 0 | Z7: =SUM(Q7:Y7) -> 0 | AA7: =Z7+O7 -> 0
E8: Handicap
E10: =IFERROR(VLOOKUP(D10,HANDICAPS!$B$8:$G$23,$B$3,FALSE),"") | F10: =IFERROR(IF($E10>18,IF(($E10-18)>F$33,"**","*"),IF($E10>=F$8,"*","")),"") -> * | G10: =IFERROR(IF($E10>18,IF(($E10-18)>G$33,"**","*"),IF($E10>=G$8,"*","")),"") -> * | H10: =IFERROR(IF($E10>18,IF(($E10-18)>H$33,"**","*"),IF($E10>=H$8,"*","")),"") -> * | I10: =IFERROR(IF($E10>18,IF(($E10-18)>I$33,"**","*"),IF($E10>=I$8,"*","")),"") -> * | J10: =IFERROR(IF($E10>18,IF(($E10-18)>J$33,"**","*"),IF($E10>=J$8,"*","")),"") -> * | K10: =IFERROR(IF($E10>18,IF(($E10-18)>K$33,"**","*"),IF($E10>=K$8,"*","")),"") -> * | L10: =IFERROR(IF($E10>18,IF(($E10-18)>L$33,"**","*"),IF($E10>=L$8,"*","")),"") -> * | M10: =IFERROR(IF($E10>18,IF(($E10-18)>M$33,"**","*"),IF($E10>=M$8,"*","")),"") -> * | N10: =IFERROR(IF($E10>18,IF(($E10-18)>N$33,"**","*"),IF($E10>=N$8,"*","")),"") -> * | O10: =IF(F11="","",SUM(F11:N11)) | Q10: =IFERROR(IF($E10>18,IF(($E10-18)>Q$33,"**","*"),IF($E10>=Q$8,"*","")),"") -> * | R10: =IFERROR(IF($E10>18,IF(($E10-18)>R$33,"**","*"),IF($E10>=R$8,"*","")),"") -> * | S10: =IFERROR(IF($E10>18,IF(($E10-18)>S$33,"**","*"),IF($E10>=S$8,"*","")),"") -> * | T10: =IFERROR(IF($E10>18,IF(($E10-18)>T$33,"**","*"),IF($E10>=T$8,"*","")),"") -> * | U10: =IFERROR(IF($E10>18,IF(($E10-18)>U$33,"**","*"),IF($E10>=U$8,"*","")),"") -> * | V10: =IFERROR(IF($E10>18,IF(($E10-18)>V$33,"**","*"),IF($E10>=V$8,"*","")),"") -> * | W10: =IFERROR(IF($E10>18,IF(($E10-18)>W$33,"**","*"),IF($E10>=W$8,"*","")),"") -> * | X10: =IFERROR(IF($E10>18,IF(($E10-18)>X$33,"**","*"),IF($E10>=X$8,"*","")),"") -> * | Y10: =IFERROR(IF($E10>18,IF(($E10-18)>Y$33,"**","*"),IF($E10>=Y$8,"*","")),"") -> * | Z10: =IF(Q11="","",SUM(Q11:Y11)) | AA10: =IF(Z10="","",SUM(O10,Z10))
E12: =IFERROR(VLOOKUP(D12,HANDICAPS!$B$8:$G$23,$B$3,FALSE),"") | F12: =IFERROR(IF($E12>18,IF(($E12-18)>F$33,"**","*"),IF($E12>=F$8,"*","")),"") -> * | G12: =IFERROR(IF($E12>18,IF(($E12-18)>G$33,"**","*"),IF($E12>=G$8,"*","")),"") -> * | H12: =IFERROR(IF($E12>18,IF(($E12-18)>H$33,"**","*"),IF($E12>=H$8,"*","")),"") -> * | I12: =IFERROR(IF($E12>18,IF(($E12-18)>I$33,"**","*"),IF($E12>=I$8,"*","")),"") -> * | J12: =IFERROR(IF($E12>18,IF(($E12-18)>J$33,"**","*"),IF($E12>=J$8,"*","")),"") -> * | K12: =IFERROR(IF($E12>18,IF(($E12-18)>K$33,"**","*"),IF($E12>=K$8,"*","")),"") -> * | L12: =IFERROR(IF($E12>18,IF(($E12-18)>L$33,"**","*"),IF($E12>=L$8,"*","")),"") -> * | M12: =IFERROR(IF($E12>18,IF(($E12-18)>M$33,"**","*"),IF($E12>=M$8,"*","")),"") -> * | N12: =IFERROR(IF($E12>18,IF(($E12-18)>N$33,"**","*"),IF($E12>=N$8,"*","")),"") -> * | O12: =IF(F13="","",SUM(F13:N13)) | Q12: =IFERROR(IF($E12>18,IF(($E12-18)>Q$33,"**","*"),IF($E12>=Q$8,"*","")),"") -> * | R12: =IFERROR(IF($E12>18,IF(($E12-18)>R$33,"**","*"),IF($E12>=R$8,"*","")),"") -> * | S12: =IFERROR(IF($E12>18,IF(($E12-18)>S$33,"**","*"),IF($E12>=S$8,"*","")),"") -> * | T12: =IFERROR(IF($E12>18,IF(($E12-18)>T$33,"**","*"),IF($E12>=T$8,"*","")),"") -> * | U12: =IFERROR(IF($E12>18,IF(($E12-18)>U$33,"**","*"),IF($E12>=U$8,"*","")),"") -> * | V12: =IFERROR(IF($E12>18,IF(($E12-18)>V$33,"**","*"),IF($E12>=V$8,"*","")),"") -> * | W12: =IFERROR(IF($E12>18,IF(($E12-18)>W$33,"**","*"),IF($E12>=W$8,"*","")),"") -> * | X12: =IFERROR(IF($E12>18,IF(($E12-18)>X$33,"**","*"),IF($E12>=X$8,"*","")),"") -> * | Y12: =IFERROR(IF($E12>18,IF(($E12-18)>Y$33,"**","*"),IF($E12>=Y$8,"*","")),"") -> * | Z12: =IF(Q13="","",SUM(Q13:Y13)) | AA12: =IF(Z12="","",SUM(O12,Z12))
D15: Best Ball (Net) | F15: =IF(F11="","",MIN(IF(F10="**",F11-2,IF(F10="*",F11-1,F11)),(IF(F12="**",F13-2,IF(F12="*",F13-1,F13))))) | G15: =IF(G11="","",MIN(IF(G10="**",G11-2,IF(G10="*",G11-1,G11)),(IF(G12="**",G13-2,IF(G12="*",G13-1,G13))))) | H15: =IF(H11="","",MIN(IF(H10="**",H11-2,IF(H10="*",H11-1,H11)),(IF(H12="**",H13-2,IF(H12="*",H13-1,H13))))) | I15: =IF(I11="","",MIN(IF(I10="**",I11-2,IF(I10="*",I11-1,I11)),(IF(I12="**",I13-2,IF(I12="*",I13-1,I13))))) | J15: =IF(J11="","",MIN(IF(J10="**",J11-2,IF(J10="*",J11-1,J11)),(IF(J12="**",J13-2,IF(J12="*",J13-1,J13))))) | K15: =IF(K11="","",MIN(IF(K10="**",K11-2,IF(K10="*",K11-1,K11)),(IF(K12="**",K13-2,IF(K12="*",K13-1,K13))))) | L15: =IF(L11="","",MIN(IF(L10="**",L11-2,IF(L10="*",L11-1,L11)),(IF(L12="**",L13-2,IF(L12="*",L13-1,L13))))) | M15: =IF(M11="","",MIN(IF(M10="**",M11-2,IF(M10="*",M11-1,M11)),(IF(M12="**",M13-2,IF(M12="*",M13-1,M13))))) | N15: =IF(N11="","",MIN(IF(N10="**",N11-2,IF(N10="*",N11-1,N11)),(IF(N12="**",N13-2,IF(N12="*",N13-1,N13))))) | O15: =IF(F15="","",SUM(F15:N15)) | Q15: =IF(Q11="","",MIN(IF(Q10="**",Q11-2,IF(Q10="*",Q11-1,Q11)),(IF(Q12="**",Q13-2,IF(Q12="*",Q13-1,Q13))))) | R15: =IF(R11="","",MIN(IF(R10="**",R11-2,IF(R10="*",R11-1,R11)),(IF(R12="**",R13-2,IF(R12="*",R13-1,R13))))) | S15: =IF(S11="","",MIN(IF(S10="**",S11-2,IF(S10="*",S11-1,S11)),(IF(S12="**",S13-2,IF(S12="*",S13-1,S13))))) | T15: =IF(T11="","",MIN(IF(T10="**",T11-2,IF(T10="*",T11-1,T11)),(IF(T12="**",T13-2,IF(T12="*",T13-1,T13))))) | U15: =IF(U11="","",MIN(IF(U10="**",U11-2,IF(U10="*",U11-1,U11)),(IF(U12="**",U13-2,IF(U12="*",U13-1,U13))))) | V15: =IF(V11="","",MIN(IF(V10="**",V11-2,IF(V10="*",V11-1,V11)),(IF(V12="**",V13-2,IF(V12="*",V13-1,V13))))) | W15: =IF(W11="","",MIN(IF(W10="**",W11-2,IF(W10="*",W11-1,W11)),(IF(W12="**",W13-2,IF(W12="*",W13-1,W13))))) | X15: =IF(X11="","",MIN(IF(X10="**",X11-2,IF(X10="*",X11-1,X11)),(IF(X12="**",X13-2,IF(X12="*",X13-1,X13))))) | Y15: =IF(Y11="","",MIN(IF(Y10="**",Y11-2,IF(Y10="*",Y11-1,Y11)),(IF(Y12="**",Y13-2,IF(Y12="*",Y13-1,Y13))))) | Z15: =IF(Q15="","",SUM(Q15:Y15)) | AA15: =IF(Z15="","",Z15+O15)
D16: Points | F16: =IF(F15="","",IF(F15=F23,0.5,IF(F15<F23,1,0))) | G16: =IF(G15="","",IF(G15=G23,0.5,IF(G15<G23,1,0))) | H16: =IF(H15="","",IF(H15=H23,0.5,IF(H15<H23,1,0))) | I16: =IF(I15="","",IF(I15=I23,0.5,IF(I15<I23,1,0))) | J16: =IF(J15="","",IF(J15=J23,0.5,IF(J15<J23,1,0))) | K16: =IF(K15="","",IF(K15=K23,0.5,IF(K15<K23,1,0))) | L16: =IF(L15="","",IF(L15=L23,0.5,IF(L15<L23,1,0))) | M16: =IF(M15="","",IF(M15=M23,0.5,IF(M15<M23,1,0))) | N16: =IF(N15="","",IF(N15=N23,0.5,IF(N15<N23,1,0))) | O16: =IF(F16="","",SUM(F16:N16)) | Q16: =IF(Q15="","",IF(Q15=Q23,0.5,IF(Q15<Q23,1,0))) | R16: =IF(R15="","",IF(R15=R23,0.5,IF(R15<R23,1,0))) | S16: =IF(S15="","",IF(S15=S23,0.5,IF(S15<S23,1,0))) | T16: =IF(T15="","",IF(T15=T23,0.5,IF(T15<T23,1,0))) | U16: =IF(U15="","",IF(U15=U23,0.5,IF(U15<U23,1,0))) | V16: =IF(V15="","",IF(V15=V23,0.5,IF(V15<V23,1,0))) | W16: =IF(W15="","",IF(W15=W23,0.5,IF(W15<W23,1,0))) | X16: =IF(X15="","",IF(X15=X23,0.5,IF(X15<X23,1,0))) | Y16: =IF(Y15="","",IF(Y15=Y23,0.5,IF(Y15<Y23,1,0))) | Z16: =IF(Q16="","",SUM(Q16:Y16)) | AA16: =IF(Z16="","",Z16+O16)
E18: =IFERROR(VLOOKUP(D18,HANDICAPS!$B$8:$G$23,$B$3,FALSE),"") | F18: =IFERROR(IF($E18>18,IF(($E18-18)>F$33,"**","*"),IF($E18>=F$8,"*","")),"") -> * | G18: =IFERROR(IF($E18>18,IF(($E18-18)>G$33,"**","*"),IF($E18>=G$8,"*","")),"") -> * | H18: =IFERROR(IF($E18>18,IF(($E18-18)>H$33,"**","*"),IF($E18>=H$8,"*","")),"") -> * | I18: =IFERROR(IF($E18>18,IF(($E18-18)>I$33,"**","*"),IF($E18>=I$8,"*","")),"") -> * | J18: =IFERROR(IF($E18>18,IF(($E18-18)>J$33,"**","*"),IF($E18>=J$8,"*","")),"") -> * | K18: =IFERROR(IF($E18>18,IF(($E18-18)>K$33,"**","*"),IF($E18>=K$8,"*","")),"") -> * | L18: =IFERROR(IF($E18>18,IF(($E18-18)>L$33,"**","*"),IF($E18>=L$8,"*","")),"") -> * | M18: =IFERROR(IF($E18>18,IF(($E18-18)>M$33,"**","*"),IF($E18>=M$8,"*","")),"") -> * | N18: =IFERROR(IF($E18>18,IF(($E18-18)>N$33,"**","*"),IF($E18>=N$8,"*","")),"") -> * | O18: =IF(F19="","",SUM(F19:N19)) | Q18: =IFERROR(IF($E18>18,IF(($E18-18)>Q$33,"**","*"),IF($E18>=Q$8,"*","")),"") -> * | R18: =IFERROR(IF($E18>18,IF(($E18-18)>R$33,"**","*"),IF($E18>=R$8,"*","")),"") -> * | S18: =IFERROR(IF($E18>18,IF(($E18-18)>S$33,"**","*"),IF($E18>=S$8,"*","")),"") -> * | T18: =IFERROR(IF($E18>18,IF(($E18-18)>T$33,"**","*"),IF($E18>=T$8,"*","")),"") -> * | U18: =IFERROR(IF($E18>18,IF(($E18-18)>U$33,"**","*"),IF($E18>=U$8,"*","")),"") -> * | V18: =IFERROR(IF($E18>18,IF(($E18-18)>V$33,"**","*"),IF($E18>=V$8,"*","")),"") -> * | W18: =IFERROR(IF($E18>18,IF(($E18-18)>W$33,"**","*"),IF($E18>=W$8,"*","")),"") -> * | X18: =IFERROR(IF($E18>18,IF(($E18-18)>X$33,"**","*"),IF($E18>=X$8,"*","")),"") -> * | Y18: =IFERROR(IF($E18>18,IF(($E18-18)>Y$33,"**","*"),IF($E18>=Y$8,"*","")),"") -> * | Z18: =IF(Q19="","",SUM(Q19:Y19)) | AA18: =IF(Z18="","",SUM(O18,Z18))
E20: =IFERROR(VLOOKUP(D20,HANDICAPS!$B$8:$G$23,$B$3,FALSE),"") | F20: =IFERROR(IF($E20>18,IF(($E20-18)>F$33,"**","*"),IF($E20>=F$8,"*","")),"") -> * | G20: =IFERROR(IF($E20>18,IF(($E20-18)>G$33,"**","*"),IF($E20>=G$8,"*","")),"") -> * | H20: =IFERROR(IF($E20>18,IF(($E20-18)>H$33,"**","*"),IF($E20>=H$8,"*","")),"") -> * | I20: =IFERROR(IF($E20>18,IF(($E20-18)>I$33,"**","*"),IF($E20>=I$8,"*","")),"") -> * | J20: =IFERROR(IF($E20>18,IF(($E20-18)>J$33,"**","*"),IF($E20>=J$8,"*","")),"") -> * | K20: =IFERROR(IF($E20>18,IF(($E20-18)>K$33,"**","*"),IF($E20>=K$8,"*","")),"") -> * | L20: =IFERROR(IF($E20>18,IF(($E20-18)>L$33,"**","*"),IF($E20>=L$8,"*","")),"") -> * | M20: =IFERROR(IF($E20>18,IF(($E20-18)>M$33,"**","*"),IF($E20>=M$8,"*","")),"") -> * | N20: =IFERROR(IF($E20>18,IF(($E20-18)>N$33,"**","*"),IF($E20>=N$8,"*","")),"") -> * | O20: =IF(F21="","",SUM(F21:N21)) | Q20: =IFERROR(IF($E20>18,IF(($E20-18)>Q$33,"**","*"),IF($E20>=Q$8,"*","")),"") -> * | R20: =IFERROR(IF($E20>18,IF(($E20-18)>R$33,"**","*"),IF($E20>=R$8,"*","")),"") -> * | S20: =IFERROR(IF($E20>18,IF(($E20-18)>S$33,"**","*"),IF($E20>=S$8,"*","")),"") -> * | T20: =IFERROR(IF($E20>18,IF(($E20-18)>T$33,"**","*"),IF($E20>=T$8,"*","")),"") -> * | U20: =IFERROR(IF($E20>18,IF(($E20-18)>U$33,"**","*"),IF($E20>=U$8,"*","")),"") -> * | V20: =IFERROR(IF($E20>18,IF(($E20-18)>V$33,"**","*"),IF($E20>=V$8,"*","")),"") -> * | W20: =IFERROR(IF($E20>18,IF(($E20-18)>W$33,"**","*"),IF($E20>=W$8,"*","")),"") -> * | X20: =IFERROR(IF($E20>18,IF(($E20-18)>X$33,"**","*"),IF($E20>=X$8,"*","")),"") -> * | Y20: =IFERROR(IF($E20>18,IF(($E20-18)>Y$33,"**","*"),IF($E20>=Y$8,"*","")),"") -> * | Z20: =IF(Q21="","",SUM(Q21:Y21)) | AA20: =IF(Z20="","",SUM(O20,Z20))
D23: Best Ball (Net) | F23: =IF(F19="","",MIN(IF(F18="**",F19-2,IF(F18="*",F19-1,F19)),(IF(F20="**",F21-2,IF(F20="*",F21-1,F21))))) | G23: =IF(G19="","",MIN(IF(G18="**",G19-2,IF(G18="*",G19-1,G19)),(IF(G20="**",G21-2,IF(G20="*",G21-1,G21))))) | H23: =IF(H19="","",MIN(IF(H18="**",H19-2,IF(H18="*",H19-1,H19)),(IF(H20="**",H21-2,IF(H20="*",H21-1,H21))))) | I23: =IF(I19="","",MIN(IF(I18="**",I19-2,IF(I18="*",I19-1,I19)),(IF(I20="**",I21-2,IF(I20="*",I21-1,I21))))) | J23: =IF(J19="","",MIN(IF(J18="**",J19-2,IF(J18="*",J19-1,J19)),(IF(J20="**",J21-2,IF(J20="*",J21-1,J21))))) | K23: =IF(K19="","",MIN(IF(K18="**",K19-2,IF(K18="*",K19-1,K19)),(IF(K20="**",K21-2,IF(K20="*",K21-1,K21))))) | L23: =IF(L19="","",MIN(IF(L18="**",L19-2,IF(L18="*",L19-1,L19)),(IF(L20="**",L21-2,IF(L20="*",L21-1,L21))))) | M23: =IF(M19="","",MIN(IF(M18="**",M19-2,IF(M18="*",M19-1,M19)),(IF(M20="**",M21-2,IF(M20="*",M21-1,M21))))) | N23: =IF(N19="","",MIN(IF(N18="**",N19-2,IF(N18="*",N19-1,N19)),(IF(N20="**",N21-2,IF(N20="*",N21-1,N21))))) | O23: =IF(F23="","",SUM(F23:N23)) | Q23: =IF(Q19="","",MIN(IF(Q18="**",Q19-2,IF(Q18="*",Q19-1,Q19)),(IF(Q20="**",Q21-2,IF(Q20="*",Q21-1,Q21))))) | R23: =IF(R19="","",MIN(IF(R18="**",R19-2,IF(R18="*",R19-1,R19)),(IF(R20="**",R21-2,IF(R20="*",R21-1,R21))))) | S23: =IF(S19="","",MIN(IF(S18="**",S19-2,IF(S18="*",S19-1,S19)),(IF(S20="**",S21-2,IF(S20="*",S21-1,S21))))) | T23: =IF(T19="","",MIN(IF(T18="**",T19-2,IF(T18="*",T19-1,T19)),(IF(T20="**",T21-2,IF(T20="*",T21-1,T21))))) | U23: =IF(U19="","",MIN(IF(U18="**",U19-2,IF(U18="*",U19-1,U19)),(IF(U20="**",U21-2,IF(U20="*",U21-1,U21))))) | V23: =IF(V19="","",MIN(IF(V18="**",V19-2,IF(V18="*",V19-1,V19)),(IF(V20="**",V21-2,IF(V20="*",V21-1,V21))))) | W23: =IF(W19="","",MIN(IF(W18="**",W19-2,IF(W18="*",W19-1,W19)),(IF(W20="**",W21-2,IF(W20="*",W21-1,W21))))) | X23: =IF(X19="","",MIN(IF(X18="**",X19-2,IF(X18="*",X19-1,X19)),(IF(X20="**",X21-2,IF(X20="*",X21-1,X21))))) | Y23: =IF(Y19="","",MIN(IF(Y18="**",Y19-2,IF(Y18="*",Y19-1,Y19)),(IF(Y20="**",Y21-2,IF(Y20="*",Y21-1,Y21))))) | Z23: =IF(Q23="","",SUM(Q23:Y23)) | AA23: =IF(Z23="","",Z23+O23)
D24: Points | F24: =IF(F23="","",IF(F23=F15,0.5,IF(F23<F15,1,0))) | G24: =IF(G23="","",IF(G23=G15,0.5,IF(G23<G15,1,0))) | H24: =IF(H23="","",IF(H23=H15,0.5,IF(H23<H15,1,0))) | I24: =IF(I23="","",IF(I23=I15,0.5,IF(I23<I15,1,0))) | J24: =IF(J23="","",IF(J23=J15,0.5,IF(J23<J15,1,0))) | K24: =IF(K23="","",IF(K23=K15,0.5,IF(K23<K15,1,0))) | L24: =IF(L23="","",IF(L23=L15,0.5,IF(L23<L15,1,0))) | M24: =IF(M23="","",IF(M23=M15,0.5,IF(M23<M15,1,0))) | N24: =IF(N23="","",IF(N23=N15,0.5,IF(N23<N15,1,0))) | O24: =IF(F24="","",SUM(F24:N24)) | Q24: =IF(Q23="","",IF(Q23=Q15,0.5,IF(Q23<Q15,1,0))) | R24: =IF(R23="","",IF(R23=R15,0.5,IF(R23<R15,1,0))) | S24: =IF(S23="","",IF(S23=S15,0.5,IF(S23<S15,1,0))) | T24: =IF(T23="","",IF(T23=T15,0.5,IF(T23<T15,1,0))) | U24: =IF(U23="","",IF(U23=U15,0.5,IF(U23<U15,1,0))) | V24: =IF(V23="","",IF(V23=V15,0.5,IF(V23<V15,1,0))) | W24: =IF(W23="","",IF(W23=W15,0.5,IF(W23<W15,1,0))) | X24: =IF(X23="","",IF(X23=X15,0.5,IF(X23<X15,1,0))) | Y24: =IF(Y23="","",IF(Y23=Y15,0.5,IF(Y23<Y15,1,0))) | Z24: =IF(Q24="","",SUM(Q24:Y24)) | AA24: =IF(Z24="","",Z24+O24)
D28: =D3 -> Course | K28: =K3 -> Pure Michigan Open 2k21
H29: =H4 -> Front | T29: =T4 -> Back
E30: Hole | F30: =F5 -> 1 | G30: =G5 -> 2 | H30: =H5 -> 3 | I30: =I5 -> 4 | J30: =J5 -> 5 | K30: =K5 -> 6 | L30: =L5 -> 7 | M30: =M5 -> 8 | ... O30: =O5 -> Out | Q30: =Q5 -> 10 | R30: =R5 -> 11 | S30: =S5 -> 12 | T30: =T5 -> 13 | U30: =U5 -> 14 | V30: =V5 -> 15 | W30: =W5 -> 16 | X30: =X5 -> 17 | ... Z30: =Z5 -> In | AA30: Total
E31: =E6 -> Color | F31: =F6 | G31: =G6 | H31: =H6 | I31: =I6 | J31: =J6 | K31: =K6 | L31: =L6 | ... O31: =O6 -> 0 | Q31: =Q6 | R31: =R6 | S31: =S6 | T31: =T6 | U31: =U6 | V31: =V6 | W31: =W6 | X31: =X6 | ... Z31: =Z6 -> 0 | AA31: =Z31+O31 -> 0
E32: Par | F32: =F7 | G32: =G7 | H32: =H7 | I32: =I7 | J32: =J7 | K32: =K7 | L32: =L7 | M32: =M7 | ... O32: =O7 -> 0 | Q32: =Q7 | R32: =R7 | S32: =S7 | T32: =T7 | U32: =U7 | V32: =V7 | W32: =W7 | X32: =X7 | ... Z32: =Z7 -> 0 | AA32: =Z32+O32 -> 0
E33: Handicap | F33: =F8 | G33: =G8 | H33: =H8 | I33: =I8 | J33: =J8 | K33: =K8 | L33: =L8 | M33: =M8 | N33: =N8 | Q33: =Q8 | R33: =R8 | S33: =S8 | T33: =T8 | U33: =U8 | V33: =V8 | W33: =W8 | X33: =X8 | Y33: =Y8
E35: =IFERROR(VLOOKUP(D35,HANDICAPS!$B$8:$G$23,$B$3,FALSE),"") | F35: =IFERROR(IF($E35>18,IF(($E35-18)>F$33,"**","*"),IF($E35>=F$8,"*","")),"") -> * | G35: =IFERROR(IF($E35>18,IF(($E35-18)>G$33,"**","*"),IF($E35>=G$8,"*","")),"") -> * | H35: =IFERROR(IF($E35>18,IF(($E35-18)>H$33,"**","*"),IF($E35>=H$8,"*","")),"") -> * | I35: =IFERROR(IF($E35>18,IF(($E35-18)>I$33,"**","*"),IF($E35>=I$8,"*","")),"") -> * | J35: =IFERROR(IF($E35>18,IF(($E35-18)>J$33,"**","*"),IF($E35>=J$8,"*","")),"") -> * | K35: =IFERROR(IF($E35>18,IF(($E35-18)>K$33,"**","*"),IF($E35>=K$8,"*","")),"") -> * | L35: =IFERROR(IF($E35>18,IF(($E35-18)>L$33,"**","*"),IF($E35>=L$8,"*","")),"") -> * | M35: =IFERROR(IF($E35>18,IF(($E35-18)>M$33,"**","*"),IF($E35>=M$8,"*","")),"") -> * | N35: =IFERROR(IF($E35>18,IF(($E35-18)>N$33,"**","*"),IF($E35>=N$8,"*","")),"") -> * | O35: =IF(F36="","",SUM(F36:N36)) | Q35: =IFERROR(IF($E35>18,IF(($E35-18)>Q$33,"**","*"),IF($E35>=Q$8,"*","")),"") -> * | R35: =IFERROR(IF($E35>18,IF(($E35-18)>R$33,"**","*"),IF($E35>=R$8,"*","")),"") -> * | S35: =IFERROR(IF($E35>18,IF(($E35-18)>S$33,"**","*"),IF($E35>=S$8,"*","")),"") -> * | T35: =IFERROR(IF($E35>18,IF(($E35-18)>T$33,"**","*"),IF($E35>=T$8,"*","")),"") -> * | U35: =IFERROR(IF($E35>18,IF(($E35-18)>U$33,"**","*"),IF($E35>=U$8,"*","")),"") -> * | V35: =IFERROR(IF($E35>18,IF(($E35-18)>V$33,"**","*"),IF($E35>=V$8,"*","")),"") -> * | W35: =IFERROR(IF($E35>18,IF(($E35-18)>W$33,"**","*"),IF($E35>=W$8,"*","")),"") -> * | X35: =IFERROR(IF($E35>18,IF(($E35-18)>X$33,"**","*"),IF($E35>=X$8,"*","")),"") -> * | Y35: =IFERROR(IF($E35>18,IF(($E35-18)>Y$33,"**","*"),IF($E35>=Y$8,"*","")),"") -> * | Z35: =IF(Q36="","",SUM(Q36:Y36)) | AA35: =IF(Z35="","",SUM(O35,Z35))
E37: =IFERROR(VLOOKUP(D37,HANDICAPS!$B$8:$G$23,$B$3,FALSE),"") | F37: =IFERROR(IF($E37>18,IF(($E37-18)>F$33,"**","*"),IF($E37>=F$8,"*","")),"") -> * | G37: =IFERROR(IF($E37>18,IF(($E37-18)>G$33,"**","*"),IF($E37>=G$8,"*","")),"") -> * | H37: =IFERROR(IF($E37>18,IF(($E37-18)>H$33,"**","*"),IF($E37>=H$8,"*","")),"") -> * | I37: =IFERROR(IF($E37>18,IF(($E37-18)>I$33,"**","*"),IF($E37>=I$8,"*","")),"") -> * | J37: =IFERROR(IF($E37>18,IF(($E37-18)>J$33,"**","*"),IF($E37>=J$8,"*","")),"") -> * | K37: =IFERROR(IF($E37>18,IF(($E37-18)>K$33,"**","*"),IF($E37>=K$8,"*","")),"") -> * | L37: =IFERROR(IF($E37>18,IF(($E37-18)>L$33,"**","*"),IF($E37>=L$8,"*","")),"") -> * | M37: =IFERROR(IF($E37>18,IF(($E37-18)>M$33,"**","*"),IF($E37>=M$8,"*","")),"") -> * | N37: =IFERROR(IF($E37>18,IF(($E37-18)>N$33,"**","*"),IF($E37>=N$8,"*","")),"") -> * | O37: =IF(F38="","",SUM(F38:N38)) | Q37: =IFERROR(IF($E37>18,IF(($E37-18)>Q$33,"**","*"),IF($E37>=Q$8,"*","")),"") -> * | R37: =IFERROR(IF($E37>18,IF(($E37-18)>R$33,"**","*"),IF($E37>=R$8,"*","")),"") -> * | S37: =IFERROR(IF($E37>18,IF(($E37-18)>S$33,"**","*"),IF($E37>=S$8,"*","")),"") -> * | T37: =IFERROR(IF($E37>18,IF(($E37-18)>T$33,"**","*"),IF($E37>=T$8,"*","")),"") -> * | U37: =IFERROR(IF($E37>18,IF(($E37-18)>U$33,"**","*"),IF($E37>=U$8,"*","")),"") -> * | V37: =IFERROR(IF($E37>18,IF(($E37-18)>V$33,"**","*"),IF($E37>=V$8,"*","")),"") -> * | W37: =IFERROR(IF($E37>18,IF(($E37-18)>W$33,"**","*"),IF($E37>=W$8,"*","")),"") -> * | X37: =IFERROR(IF($E37>18,IF(($E37-18)>X$33,"**","*"),IF($E37>=X$8,"*","")),"") -> * | Y37: =IFERROR(IF($E37>18,IF(($E37-18)>Y$33,"**","*"),IF($E37>=Y$8,"*","")),"") -> * | Z37: =IF(Q38="","",SUM(Q38:Y38)) | AA37: =IF(Z37="","",SUM(O37,Z37))
D40: Best Ball (Net) | F40: =IF(F36="","",MIN(IF(F35="**",F36-2,IF(F35="*",F36-1,F36)),(IF(F37="**",F38-2,IF(F37="*",F38-1,F38))))) | G40: =IF(G36="","",MIN(IF(G35="**",G36-2,IF(G35="*",G36-1,G36)),(IF(G37="**",G38-2,IF(G37="*",G38-1,G38))))) | H40: =IF(H36="","",MIN(IF(H35="**",H36-2,IF(H35="*",H36-1,H36)),(IF(H37="**",H38-2,IF(H37="*",H38-1,H38))))) | I40: =IF(I36="","",MIN(IF(I35="**",I36-2,IF(I35="*",I36-1,I36)),(IF(I37="**",I38-2,IF(I37="*",I38-1,I38))))) | J40: =IF(J36="","",MIN(IF(J35="**",J36-2,IF(J35="*",J36-1,J36)),(IF(J37="**",J38-2,IF(J37="*",J38-1,J38))))) | K40: =IF(K36="","",MIN(IF(K35="**",K36-2,IF(K35="*",K36-1,K36)),(IF(K37="**",K38-2,IF(K37="*",K38-1,K38))))) | L40: =IF(L36="","",MIN(IF(L35="**",L36-2,IF(L35="*",L36-1,L36)),(IF(L37="**",L38-2,IF(L37="*",L38-1,L38))))) | M40: =IF(M36="","",MIN(IF(M35="**",M36-2,IF(M35="*",M36-1,M36)),(IF(M37="**",M38-2,IF(M37="*",M38-1,M38))))) | N40: =IF(N36="","",MIN(IF(N35="**",N36-2,IF(N35="*",N36-1,N36)),(IF(N37="**",N38-2,IF(N37="*",N38-1,N38))))) | O40: =IF(F40="","",SUM(F40:N40)) | Q40: =IF(Q36="","",MIN(IF(Q35="**",Q36-2,IF(Q35="*",Q36-1,Q36)),(IF(Q37="**",Q38-2,IF(Q37="*",Q38-1,Q38))))) | R40: =IF(R36="","",MIN(IF(R35="**",R36-2,IF(R35="*",R36-1,R36)),(IF(R37="**",R38-2,IF(R37="*",R38-1,R38))))) | S40: =IF(S36="","",MIN(IF(S35="**",S36-2,IF(S35="*",S36-1,S36)),(IF(S37="**",S38-2,IF(S37="*",S38-1,S38))))) | T40: =IF(T36="","",MIN(IF(T35="**",T36-2,IF(T35="*",T36-1,T36)),(IF(T37="**",T38-2,IF(T37="*",T38-1,T38))))) | U40: =IF(U36="","",MIN(IF(U35="**",U36-2,IF(U35="*",U36-1,U36)),(IF(U37="**",U38-2,IF(U37="*",U38-1,U38))))) | V40: =IF(V36="","",MIN(IF(V35="**",V36-2,IF(V35="*",V36-1,V36)),(IF(V37="**",V38-2,IF(V37="*",V38-1,V38))))) | W40: =IF(W36="","",MIN(IF(W35="**",W36-2,IF(W35="*",W36-1,W36)),(IF(W37="**",W38-2,IF(W37="*",W38-1,W38))))) | X40: =IF(X36="","",MIN(IF(X35="**",X36-2,IF(X35="*",X36-1,X36)),(IF(X37="**",X38-2,IF(X37="*",X38-1,X38))))) | Y40: =IF(Y36="","",MIN(IF(Y35="**",Y36-2,IF(Y35="*",Y36-1,Y36)),(IF(Y37="**",Y38-2,IF(Y37="*",Y38-1,Y38))))) | Z40: =IF(Q40="","",SUM(Q40:Y40)) | AA40: =IF(Z40="","",Z40+O40)
D41: Points | F41: =IF(F40="","",IF(F40=F48,0.5,IF(F40<F48,1,0))) | G41: =IF(G40="","",IF(G40=G48,0.5,IF(G40<G48,1,0))) | H41: =IF(H40="","",IF(H40=H48,0.5,IF(H40<H48,1,0))) | I41: =IF(I40="","",IF(I40=I48,0.5,IF(I40<I48,1,0))) | J41: =IF(J40="","",IF(J40=J48,0.5,IF(J40<J48,1,0))) | K41: =IF(K40="","",IF(K40=K48,0.5,IF(K40<K48,1,0))) | L41: =IF(L40="","",IF(L40=L48,0.5,IF(L40<L48,1,0))) | M41: =IF(M40="","",IF(M40=M48,0.5,IF(M40<M48,1,0))) | N41: =IF(N40="","",IF(N40=N48,0.5,IF(N40<N48,1,0))) | O41: =IF(F41="","",SUM(F41:N41)) | Q41: =IF(Q40="","",IF(Q40=Q48,0.5,IF(Q40<Q48,1,0))) | R41: =IF(R40="","",IF(R40=R48,0.5,IF(R40<R48,1,0))) | S41: =IF(S40="","",IF(S40=S48,0.5,IF(S40<S48,1,0))) | T41: =IF(T40="","",IF(T40=T48,0.5,IF(T40<T48,1,0))) | U41: =IF(U40="","",IF(U40=U48,0.5,IF(U40<U48,1,0))) | V41: =IF(V40="","",IF(V40=V48,0.5,IF(V40<V48,1,0))) | W41: =IF(W40="","",IF(W40=W48,0.5,IF(W40<W48,1,0))) | X41: =IF(X40="","",IF(X40=X48,0.5,IF(X40<X48,1,0))) | Y41: =IF(Y40="","",IF(Y40=Y48,0.5,IF(Y40<Y48,1,0))) | Z41: =IF(Q41="","",SUM(Q41:Y41)) | AA41: =IF(Z41="","",Z41+O41)
E43: =IFERROR(VLOOKUP(D43,HANDICAPS!$B$8:$G$23,$B$3,FALSE),"") | F43: =IFERROR(IF($E43>18,IF(($E43-18)>F$33,"**","*"),IF($E43>=F$8,"*","")),"") -> * | G43: =IFERROR(IF($E43>18,IF(($E43-18)>G$33,"**","*"),IF($E43>=G$8,"*","")),"") -> * | H43: =IFERROR(IF($E43>18,IF(($E43-18)>H$33,"**","*"),IF($E43>=H$8,"*","")),"") -> * | I43: =IFERROR(IF($E43>18,IF(($E43-18)>I$33,"**","*"),IF($E43>=I$8,"*","")),"") -> * | J43: =IFERROR(IF($E43>18,IF(($E43-18)>J$33,"**","*"),IF($E43>=J$8,"*","")),"") -> * | K43: =IFERROR(IF($E43>18,IF(($E43-18)>K$33,"**","*"),IF($E43>=K$8,"*","")),"") -> * | L43: =IFERROR(IF($E43>18,IF(($E43-18)>L$33,"**","*"),IF($E43>=L$8,"*","")),"") -> * | M43: =IFERROR(IF($E43>18,IF(($E43-18)>M$33,"**","*"),IF($E43>=M$8,"*","")),"") -> * | N43: =IFERROR(IF($E43>18,IF(($E43-18)>N$33,"**","*"),IF($E43>=N$8,"*","")),"") -> * | O43: =IF(F44="","",SUM(F44:N44)) | Q43: =IFERROR(IF($E43>18,IF(($E43-18)>Q$33,"**","*"),IF($E43>=Q$8,"*","")),"") -> * | R43: =IFERROR(IF($E43>18,IF(($E43-18)>R$33,"**","*"),IF($E43>=R$8,"*","")),"") -> * | S43: =IFERROR(IF($E43>18,IF(($E43-18)>S$33,"**","*"),IF($E43>=S$8,"*","")),"") -> * | T43: =IFERROR(IF($E43>18,IF(($E43-18)>T$33,"**","*"),IF($E43>=T$8,"*","")),"") -> * | U43: =IFERROR(IF($E43>18,IF(($E43-18)>U$33,"**","*"),IF($E43>=U$8,"*","")),"") -> * | V43: =IFERROR(IF($E43>18,IF(($E43-18)>V$33,"**","*"),IF($E43>=V$8,"*","")),"") -> * | W43: =IFERROR(IF($E43>18,IF(($E43-18)>W$33,"**","*"),IF($E43>=W$8,"*","")),"") -> * | X43: =IFERROR(IF($E43>18,IF(($E43-18)>X$33,"**","*"),IF($E43>=X$8,"*","")),"") -> * | Y43: =IFERROR(IF($E43>18,IF(($E43-18)>Y$33,"**","*"),IF($E43>=Y$8,"*","")),"") -> * | Z43: =IF(Q44="","",SUM(Q44:Y44)) | AA43: =IF(Z43="","",SUM(O43,Z43))
E45: =IFERROR(VLOOKUP(D45,HANDICAPS!$B$8:$G$23,$B$3,FALSE),"") | F45: =IFERROR(IF($E45>18,IF(($E45-18)>F$33,"**","*"),IF($E45>=F$8,"*","")),"") -> * | G45: =IFERROR(IF($E45>18,IF(($E45-18)>G$33,"**","*"),IF($E45>=G$8,"*","")),"") -> * | H45: =IFERROR(IF($E45>18,IF(($E45-18)>H$33,"**","*"),IF($E45>=H$8,"*","")),"") -> * | I45: =IFERROR(IF($E45>18,IF(($E45-18)>I$33,"**","*"),IF($E45>=I$8,"*","")),"") -> * | J45: =IFERROR(IF($E45>18,IF(($E45-18)>J$33,"**","*"),IF($E45>=J$8,"*","")),"") -> * | K45: =IFERROR(IF($E45>18,IF(($E45-18)>K$33,"**","*"),IF($E45>=K$8,"*","")),"") -> * | L45: =IFERROR(IF($E45>18,IF(($E45-18)>L$33,"**","*"),IF($E45>=L$8,"*","")),"") -> * | M45: =IFERROR(IF($E45>18,IF(($E45-18)>M$33,"**","*"),IF($E45>=M$8,"*","")),"") -> * | N45: =IFERROR(IF($E45>18,IF(($E45-18)>N$33,"**","*"),IF($E45>=N$8,"*","")),"") -> * | O45: =IF(F46="","",SUM(F46:N46)) | Q45: =IFERROR(IF($E45>18,IF(($E45-18)>Q$33,"**","*"),IF($E45>=Q$8,"*","")),"") -> * | R45: =IFERROR(IF($E45>18,IF(($E45-18)>R$33,"**","*"),IF($E45>=R$8,"*","")),"") -> * | S45: =IFERROR(IF($E45>18,IF(($E45-18)>S$33,"**","*"),IF($E45>=S$8,"*","")),"") -> * | T45: =IFERROR(IF($E45>18,IF(($E45-18)>T$33,"**","*"),IF($E45>=T$8,"*","")),"") -> * | U45: =IFERROR(IF($E45>18,IF(($E45-18)>U$33,"**","*"),IF($E45>=U$8,"*","")),"") -> * | V45: =IFERROR(IF($E45>18,IF(($E45-18)>V$33,"**","*"),IF($E45>=V$8,"*","")),"") -> * | W45: =IFERROR(IF($E45>18,IF(($E45-18)>W$33,"**","*"),IF($E45>=W$8,"*","")),"") -> * | X45: =IFERROR(IF($E45>18,IF(($E45-18)>X$33,"**","*"),IF($E45>=X$8,"*","")),"") -> * | Y45: =IFERROR(IF($E45>18,IF(($E45-18)>Y$33,"**","*"),IF($E45>=Y$8,"*","")),"") -> * | Z45: =IF(Q46="","",SUM(Q46:Y46)) | AA45: =IF(Z45="","",SUM(O45,Z45))
D48: Best Ball (Net) | F48: =IF(F44="","",MIN(IF(F43="**",F44-2,IF(F43="*",F44-1,F44)),(IF(F45="**",F46-2,IF(F45="*",F46-1,F46))))) | G48: =IF(G44="","",MIN(IF(G43="**",G44-2,IF(G43="*",G44-1,G44)),(IF(G45="**",G46-2,IF(G45="*",G46-1,G46))))) | H48: =IF(H44="","",MIN(IF(H43="**",H44-2,IF(H43="*",H44-1,H44)),(IF(H45="**",H46-2,IF(H45="*",H46-1,H46))))) | I48: =IF(I44="","",MIN(IF(I43="**",I44-2,IF(I43="*",I44-1,I44)),(IF(I45="**",I46-2,IF(I45="*",I46-1,I46))))) | J48: =IF(J44="","",MIN(IF(J43="**",J44-2,IF(J43="*",J44-1,J44)),(IF(J45="**",J46-2,IF(J45="*",J46-1,J46))))) | K48: =IF(K44="","",MIN(IF(K43="**",K44-2,IF(K43="*",K44-1,K44)),(IF(K45="**",K46-2,IF(K45="*",K46-1,K46))))) | L48: =IF(L44="","",MIN(IF(L43="**",L44-2,IF(L43="*",L44-1,L44)),(IF(L45="**",L46-2,IF(L45="*",L46-1,L46))))) | M48: =IF(M44="","",MIN(IF(M43="**",M44-2,IF(M43="*",M44-1,M44)),(IF(M45="**",M46-2,IF(M45="*",M46-1,M46))))) | N48: =IF(N44="","",MIN(IF(N43="**",N44-2,IF(N43="*",N44-1,N44)),(IF(N45="**",N46-2,IF(N45="*",N46-1,N46))))) | O48: =IF(F48="","",SUM(F48:N48)) | Q48: =IF(Q44="","",MIN(IF(Q43="**",Q44-2,IF(Q43="*",Q44-1,Q44)),(IF(Q45="**",Q46-2,IF(Q45="*",Q46-1,Q46))))) | R48: =IF(R44="","",MIN(IF(R43="**",R44-2,IF(R43="*",R44-1,R44)),(IF(R45="**",R46-2,IF(R45="*",R46-1,R46))))) | S48: =IF(S44="","",MIN(IF(S43="**",S44-2,IF(S43="*",S44-1,S44)),(IF(S45="**",S46-2,IF(S45="*",S46-1,S46))))) | T48: =IF(T44="","",MIN(IF(T43="**",T44-2,IF(T43="*",T44-1,T44)),(IF(T45="**",T46-2,IF(T45="*",T46-1,T46))))) | U48: =IF(U44="","",MIN(IF(U43="**",U44-2,IF(U43="*",U44-1,U44)),(IF(U45="**",U46-2,IF(U45="*",U46-1,U46))))) | V48: =IF(V44="","",MIN(IF(V43="**",V44-2,IF(V43="*",V44-1,V44)),(IF(V45="**",V46-2,IF(V45="*",V46-1,V46))))) | W48: =IF(W44="","",MIN(IF(W43="**",W44-2,IF(W43="*",W44-1,W44)),(IF(W45="**",W46-2,IF(W45="*",W46-1,W46))))) | X48: =IF(X44="","",MIN(IF(X43="**",X44-2,IF(X43="*",X44-1,X44)),(IF(X45="**",X46-2,IF(X45="*",X46-1,X46))))) | Y48: =IF(Y44="","",MIN(IF(Y43="**",Y44-2,IF(Y43="*",Y44-1,Y44)),(IF(Y45="**",Y46-2,IF(Y45="*",Y46-1,Y46))))) | Z48: =IF(Q48="","",SUM(Q48:Y48)) | AA48: =IF(Z48="","",Z48+O48)
D49: Points | F49: =IF(F48="","",IF(F48=F40,0.5,IF(F48<F40,1,0))) | G49: =IF(G48="","",IF(G48=G40,0.5,IF(G48<G40,1,0))) | H49: =IF(H48="","",IF(H48=H40,0.5,IF(H48<H40,1,0))) | I49: =IF(I48="","",IF(I48=I40,0.5,IF(I48<I40,1,0))) | J49: =IF(J48="","",IF(J48=J40,0.5,IF(J48<J40,1,0))) | K49: =IF(K48="","",IF(K48=K40,0.5,IF(K48<K40,1,0))) | L49: =IF(L48="","",IF(L48=L40,0.5,IF(L48<L40,1,0))) | M49: =IF(M48="","",IF(M48=M40,0.5,IF(M48<M40,1,0))) | N49: =IF(N48="","",IF(N48=N40,0.5,IF(N48<N40,1,0))) | O49: =IF(F49="","",SUM(F49:N49)) | Q49: =IF(Q48="","",IF(Q48=Q40,0.5,IF(Q48<Q40,1,0))) | R49: =IF(R48="","",IF(R48=R40,0.5,IF(R48<R40,1,0))) | S49: =IF(S48="","",IF(S48=S40,0.5,IF(S48<S40,1,0))) | T49: =IF(T48="","",IF(T48=T40,0.5,IF(T48<T40,1,0))) | U49: =IF(U48="","",IF(U48=U40,0.5,IF(U48<U40,1,0))) | V49: =IF(V48="","",IF(V48=V40,0.5,IF(V48<V40,1,0))) | W49: =IF(W48="","",IF(W48=W40,0.5,IF(W48<W40,1,0))) | X49: =IF(X48="","",IF(X48=X40,0.5,IF(X48<X40,1,0))) | Y49: =IF(Y48="","",IF(Y48=Y40,0.5,IF(Y48<Y40,1,0))) | Z49: =IF(Q49="","",SUM(Q49:Y49)) | AA49: =IF(Z49="","",Z49+O49)
D53: =D28 -> Course | K53: =K28 -> Pure Michigan Open 2k21
H54: =H29 -> Front | T54: =T29 -> Back
E55: Hole | F55: =F30 -> 1 | G55: =G30 -> 2 | H55: =H30 -> 3 | I55: =I30 -> 4 | J55: =J30 -> 5 | K55: =K30 -> 6 | L55: =L30 -> 7 | M55: =M30 -> 8 | ... O55: =O30 -> Out | Q55: =Q30 -> 10 | R55: =R30 -> 11 | S55: =S30 -> 12 | T55: =T30 -> 13 | U55: =U30 -> 14 | V55: =V30 -> 15 | W55: =W30 -> 16 | X55: =X30 -> 17 | ... Z55: =Z30 -> In | AA55: Total
E56: =E31 -> Color | F56: =F31 | G56: =G31 | H56: =H31 | I56: =I31 | J56: =J31 | K56: =K31 | L56: =L31 | ... O56: =O31 -> 0 | Q56: =Q31 | R56: =R31 | S56: =S31 | T56: =T31 | U56: =U31 | V56: =V31 | W56: =W31 | X56: =X31 | ... Z56: =Z31 -> 0 | AA56: =Z56+O56 -> 0
E57: Par | F57: =F32 | G57: =G32 | H57: =H32 | I57: =I32 | J57: =J32 | K57: =K32 | L57: =L32 | M57: =M32 | ... O57: =O32 -> 0 | Q57: =Q32 | R57: =R32 | S57: =S32 | T57: =T32 | U57: =U32 | V57: =V32 | W57: =W32 | X57: =X32 | ... Z57: =Z32 -> 0 | AA57: =Z57+O57 -> 0
E58: Handicap | F58: =F33 | G58: =G33 | H58: =H33 | I58: =I33 | J58: =J33 | K58: =K33 | L58: =L33 | M58: =M33 | N58: =N33 | Q58: =Q33 | R58: =R33 | S58: =S33 | T58: =T33 | U58: =U33 | V58: =V33 | W58: =W33 | X58: =X33 | Y58: =Y33
E60: =IFERROR(VLOOKUP(D60,HANDICAPS!$B$8:$G$23,$B$3,FALSE),"") | F60: =IFERROR(IF($E60>18,IF(($E60-18)>F$33,"**","*"),IF($E60>=F$8,"*","")),"") -> * | G60: =IFERROR(IF($E60>18,IF(($E60-18)>G$33,"**","*"),IF($E60>=G$8,"*","")),"") -> * | H60: =IFERROR(IF($E60>18,IF(($E60-18)>H$33,"**","*"),IF($E60>=H$8,"*","")),"") -> * | I60: =IFERROR(IF($E60>18,IF(($E60-18)>I$33,"**","*"),IF($E60>=I$8,"*","")),"") -> * | J60: =IFERROR(IF($E60>18,IF(($E60-18)>J$33,"**","*"),IF($E60>=J$8,"*","")),"") -> * | K60: =IFERROR(IF($E60>18,IF(($E60-18)>K$33,"**","*"),IF($E60>=K$8,"*","")),"") -> * | L60: =IFERROR(IF($E60>18,IF(($E60-18)>L$33,"**","*"),IF($E60>=L$8,"*","")),"") -> * | M60: =IFERROR(IF($E60>18,IF(($E60-18)>M$33,"**","*"),IF($E60>=M$8,"*","")),"") -> * | N60: =IFERROR(IF($E60>18,IF(($E60-18)>N$33,"**","*"),IF($E60>=N$8,"*","")),"") -> * | O60: =IF(F61="","",SUM(F61:N61)) | Q60: =IFERROR(IF($E60>18,IF(($E60-18)>Q$33,"**","*"),IF($E60>=Q$8,"*","")),"") -> * | R60: =IFERROR(IF($E60>18,IF(($E60-18)>R$33,"**","*"),IF($E60>=R$8,"*","")),"") -> * | S60: =IFERROR(IF($E60>18,IF(($E60-18)>S$33,"**","*"),IF($E60>=S$8,"*","")),"") -> * | T60: =IFERROR(IF($E60>18,IF(($E60-18)>T$33,"**","*"),IF($E60>=T$8,"*","")),"") -> * | U60: =IFERROR(IF($E60>18,IF(($E60-18)>U$33,"**","*"),IF($E60>=U$8,"*","")),"") -> * | V60: =IFERROR(IF($E60>18,IF(($E60-18)>V$33,"**","*"),IF($E60>=V$8,"*","")),"") -> * | W60: =IFERROR(IF($E60>18,IF(($E60-18)>W$33,"**","*"),IF($E60>=W$8,"*","")),"") -> * | X60: =IFERROR(IF($E60>18,IF(($E60-18)>X$33,"**","*"),IF($E60>=X$8,"*","")),"") -> * | Y60: =IFERROR(IF($E60>18,IF(($E60-18)>Y$33,"**","*"),IF($E60>=Y$8,"*","")),"") -> * | Z60: =IF(Q61="","",SUM(Q61:Y61)) | AA60: =IF(Z60="","",SUM(O60,Z60))
E62: =IFERROR(VLOOKUP(D62,HANDICAPS!$B$8:$G$23,$B$3,FALSE),"") | F62: =IFERROR(IF($E62>18,IF(($E62-18)>F$33,"**","*"),IF($E62>=F$8,"*","")),"") -> * | G62: =IFERROR(IF($E62>18,IF(($E62-18)>G$33,"**","*"),IF($E62>=G$8,"*","")),"") -> * | H62: =IFERROR(IF($E62>18,IF(($E62-18)>H$33,"**","*"),IF($E62>=H$8,"*","")),"") -> * | I62: =IFERROR(IF($E62>18,IF(($E62-18)>I$33,"**","*"),IF($E62>=I$8,"*","")),"") -> * | J62: =IFERROR(IF($E62>18,IF(($E62-18)>J$33,"**","*"),IF($E62>=J$8,"*","")),"") -> * | K62: =IFERROR(IF($E62>18,IF(($E62-18)>K$33,"**","*"),IF($E62>=K$8,"*","")),"") -> * | L62: =IFERROR(IF($E62>18,IF(($E62-18)>L$33,"**","*"),IF($E62>=L$8,"*","")),"") -> * | M62: =IFERROR(IF($E62>18,IF(($E62-18)>M$33,"**","*"),IF($E62>=M$8,"*","")),"") -> * | N62: =IFERROR(IF($E62>18,IF(($E62-18)>N$33,"**","*"),IF($E62>=N$8,"*","")),"") -> * | O62: =IF(F63="","",SUM(F63:N63)) | Q62: =IFERROR(IF($E62>18,IF(($E62-18)>Q$33,"**","*"),IF($E62>=Q$8,"*","")),"") -> * | R62: =IFERROR(IF($E62>18,IF(($E62-18)>R$33,"**","*"),IF($E62>=R$8,"*","")),"") -> * | S62: =IFERROR(IF($E62>18,IF(($E62-18)>S$33,"**","*"),IF($E62>=S$8,"*","")),"") -> * | T62: =IFERROR(IF($E62>18,IF(($E62-18)>T$33,"**","*"),IF($E62>=T$8,"*","")),"") -> * | U62: =IFERROR(IF($E62>18,IF(($E62-18)>U$33,"**","*"),IF($E62>=U$8,"*","")),"") -> * | V62: =IFERROR(IF($E62>18,IF(($E62-18)>V$33,"**","*"),IF($E62>=V$8,"*","")),"") -> * | W62: =IFERROR(IF($E62>18,IF(($E62-18)>W$33,"**","*"),IF($E62>=W$8,"*","")),"") -> * | X62: =IFERROR(IF($E62>18,IF(($E62-18)>X$33,"**","*"),IF($E62>=X$8,"*","")),"") -> * | Y62: =IFERROR(IF($E62>18,IF(($E62-18)>Y$33,"**","*"),IF($E62>=Y$8,"*","")),"") -> * | Z62: =IF(Q63="","",SUM(Q63:Y63)) | AA62: =IF(Z62="","",SUM(O62,Z62))
D65: Best Ball (Net) | F65: =IF(F61="","",MIN(IF(F60="**",F61-2,IF(F60="*",F61-1,F61)),(IF(F62="**",F63-2,IF(F62="*",F63-1,F63))))) | G65: =IF(G61="","",MIN(IF(G60="**",G61-2,IF(G60="*",G61-1,G61)),(IF(G62="**",G63-2,IF(G62="*",G63-1,G63))))) | H65: =IF(H61="","",MIN(IF(H60="**",H61-2,IF(H60="*",H61-1,H61)),(IF(H62="**",H63-2,IF(H62="*",H63-1,H63))))) | I65: =IF(I61="","",MIN(IF(I60="**",I61-2,IF(I60="*",I61-1,I61)),(IF(I62="**",I63-2,IF(I62="*",I63-1,I63))))) | J65: =IF(J61="","",MIN(IF(J60="**",J61-2,IF(J60="*",J61-1,J61)),(IF(J62="**",J63-2,IF(J62="*",J63-1,J63))))) | K65: =IF(K61="","",MIN(IF(K60="**",K61-2,IF(K60="*",K61-1,K61)),(IF(K62="**",K63-2,IF(K62="*",K63-1,K63))))) | L65: =IF(L61="","",MIN(IF(L60="**",L61-2,IF(L60="*",L61-1,L61)),(IF(L62="**",L63-2,IF(L62="*",L63-1,L63))))) | M65: =IF(M61="","",MIN(IF(M60="**",M61-2,IF(M60="*",M61-1,M61)),(IF(M62="**",M63-2,IF(M62="*",M63-1,M63))))) | N65: =IF(N61="","",MIN(IF(N60="**",N61-2,IF(N60="*",N61-1,N61)),(IF(N62="**",N63-2,IF(N62="*",N63-1,N63))))) | O65: =IF(F65="","",SUM(F65:N65)) | Q65: =IF(Q61="","",MIN(IF(Q60="**",Q61-2,IF(Q60="*",Q61-1,Q61)),(IF(Q62="**",Q63-2,IF(Q62="*",Q63-1,Q63))))) | R65: =IF(R61="","",MIN(IF(R60="**",R61-2,IF(R60="*",R61-1,R61)),(IF(R62="**",R63-2,IF(R62="*",R63-1,R63))))) | S65: =IF(S61="","",MIN(IF(S60="**",S61-2,IF(S60="*",S61-1,S61)),(IF(S62="**",S63-2,IF(S62="*",S63-1,S63))))) | T65: =IF(T61="","",MIN(IF(T60="**",T61-2,IF(T60="*",T61-1,T61)),(IF(T62="**",T63-2,IF(T62="*",T63-1,T63))))) | U65: =IF(U61="","",MIN(IF(U60="**",U61-2,IF(U60="*",U61-1,U61)),(IF(U62="**",U63-2,IF(U62="*",U63-1,U63))))) | V65: =IF(V61="","",MIN(IF(V60="**",V61-2,IF(V60="*",V61-1,V61)),(IF(V62="**",V63-2,IF(V62="*",V63-1,V63))))) | W65: =IF(W61="","",MIN(IF(W60="**",W61-2,IF(W60="*",W61-1,W61)),(IF(W62="**",W63-2,IF(W62="*",W63-1,W63))))) | X65: =IF(X61="","",MIN(IF(X60="**",X61-2,IF(X60="*",X61-1,X61)),(IF(X62="**",X63-2,IF(X62="*",X63-1,X63))))) | Y65: =IF(Y61="","",MIN(IF(Y60="**",Y61-2,IF(Y60="*",Y61-1,Y61)),(IF(Y62="**",Y63-2,IF(Y62="*",Y63-1,Y63))))) | Z65: =IF(Q65="","",SUM(Q65:Y65)) | AA65: =IF(Z65="","",Z65+O65)
D66: Points | F66: =IF(F65="","",IF(F65=F73,0.5,IF(F65<F73,1,0))) | G66: =IF(G65="","",IF(G65=G73,0.5,IF(G65<G73,1,0))) | H66: =IF(H65="","",IF(H65=H73,0.5,IF(H65<H73,1,0))) | I66: =IF(I65="","",IF(I65=I73,0.5,IF(I65<I73,1,0))) | J66: =IF(J65="","",IF(J65=J73,0.5,IF(J65<J73,1,0))) | K66: =IF(K65="","",IF(K65=K73,0.5,IF(K65<K73,1,0))) | L66: =IF(L65="","",IF(L65=L73,0.5,IF(L65<L73,1,0))) | M66: =IF(M65="","",IF(M65=M73,0.5,IF(M65<M73,1,0))) | N66: =IF(N65="","",IF(N65=N73,0.5,IF(N65<N73,1,0))) | O66: =IF(F66="","",SUM(F66:N66)) | Q66: =IF(Q65="","",IF(Q65=Q73,0.5,IF(Q65<Q73,1,0))) | R66: =IF(R65="","",IF(R65=R73,0.5,IF(R65<R73,1,0))) | S66: =IF(S65="","",IF(S65=S73,0.5,IF(S65<S73,1,0))) | T66: =IF(T65="","",IF(T65=T73,0.5,IF(T65<T73,1,0))) | U66: =IF(U65="","",IF(U65=U73,0.5,IF(U65<U73,1,0))) | V66: =IF(V65="","",IF(V65=V73,0.5,IF(V65<V73,1,0))) | W66: =IF(W65="","",IF(W65=W73,0.5,IF(W65<W73,1,0))) | X66: =IF(X65="","",IF(X65=X73,0.5,IF(X65<X73,1,0))) | Y66: =IF(Y65="","",IF(Y65=Y73,0.5,IF(Y65<Y73,1,0))) | Z66: =IF(Q66="","",SUM(Q66:Y66)) | AA66: =IF(Z66="","",Z66+O66)
E68: =IFERROR(VLOOKUP(D68,HANDICAPS!$B$8:$G$23,$B$3,FALSE),"") | F68: =IFERROR(IF($E68>18,IF(($E68-18)>F$33,"**","*"),IF($E68>=F$8,"*","")),"") -> * | G68: =IFERROR(IF($E68>18,IF(($E68-18)>G$33,"**","*"),IF($E68>=G$8,"*","")),"") -> * | H68: =IFERROR(IF($E68>18,IF(($E68-18)>H$33,"**","*"),IF($E68>=H$8,"*","")),"") -> * | I68: =IFERROR(IF($E68>18,IF(($E68-18)>I$33,"**","*"),IF($E68>=I$8,"*","")),"") -> * | J68: =IFERROR(IF($E68>18,IF(($E68-18)>J$33,"**","*"),IF($E68>=J$8,"*","")),"") -> * | K68: =IFERROR(IF($E68>18,IF(($E68-18)>K$33,"**","*"),IF($E68>=K$8,"*","")),"") -> * | L68: =IFERROR(IF($E68>18,IF(($E68-18)>L$33,"**","*"),IF($E68>=L$8,"*","")),"") -> * | M68: =IFERROR(IF($E68>18,IF(($E68-18)>M$33,"**","*"),IF($E68>=M$8,"*","")),"") -> * | N68: =IFERROR(IF($E68>18,IF(($E68-18)>N$33,"**","*"),IF($E68>=N$8,"*","")),"") -> * | O68: =IF(F69="","",SUM(F69:N69)) | Q68: =IFERROR(IF($E68>18,IF(($E68-18)>Q$33,"**","*"),IF($E68>=Q$8,"*","")),"") -> * | R68: =IFERROR(IF($E68>18,IF(($E68-18)>R$33,"**","*"),IF($E68>=R$8,"*","")),"") -> * | S68: =IFERROR(IF($E68>18,IF(($E68-18)>S$33,"**","*"),IF($E68>=S$8,"*","")),"") -> * | T68: =IFERROR(IF($E68>18,IF(($E68-18)>T$33,"**","*"),IF($E68>=T$8,"*","")),"") -> * | U68: =IFERROR(IF($E68>18,IF(($E68-18)>U$33,"**","*"),IF($E68>=U$8,"*","")),"") -> * | V68: =IFERROR(IF($E68>18,IF(($E68-18)>V$33,"**","*"),IF($E68>=V$8,"*","")),"") -> * | W68: =IFERROR(IF($E68>18,IF(($E68-18)>W$33,"**","*"),IF($E68>=W$8,"*","")),"") -> * | X68: =IFERROR(IF($E68>18,IF(($E68-18)>X$33,"**","*"),IF($E68>=X$8,"*","")),"") -> * | Y68: =IFERROR(IF($E68>18,IF(($E68-18)>Y$33,"**","*"),IF($E68>=Y$8,"*","")),"") -> * | Z68: =IF(Q69="","",SUM(Q69:Y69)) | AA68: =IF(Z68="","",SUM(O68,Z68))
E70: =IFERROR(VLOOKUP(D70,HANDICAPS!$B$8:$G$23,$B$3,FALSE),"") | F70: =IFERROR(IF($E70>18,IF(($E70-18)>F$33,"**","*"),IF($E70>=F$8,"*","")),"") -> * | G70: =IFERROR(IF($E70>18,IF(($E70-18)>G$33,"**","*"),IF($E70>=G$8,"*","")),"") -> * | H70: =IFERROR(IF($E70>18,IF(($E70-18)>H$33,"**","*"),IF($E70>=H$8,"*","")),"") -> * | I70: =IFERROR(IF($E70>18,IF(($E70-18)>I$33,"**","*"),IF($E70>=I$8,"*","")),"") -> * | J70: =IFERROR(IF($E70>18,IF(($E70-18)>J$33,"**","*"),IF($E70>=J$8,"*","")),"") -> * | K70: =IFERROR(IF($E70>18,IF(($E70-18)>K$33,"**","*"),IF($E70>=K$8,"*","")),"") -> * | L70: =IFERROR(IF($E70>18,IF(($E70-18)>L$33,"**","*"),IF($E70>=L$8,"*","")),"") -> * | M70: =IFERROR(IF($E70>18,IF(($E70-18)>M$33,"**","*"),IF($E70>=M$8,"*","")),"") -> * | N70: =IFERROR(IF($E70>18,IF(($E70-18)>N$33,"**","*"),IF($E70>=N$8,"*","")),"") -> * | O70: =IF(F71="","",SUM(F71:N71)) | Q70: =IFERROR(IF($E70>18,IF(($E70-18)>Q$33,"**","*"),IF($E70>=Q$8,"*","")),"") -> * | R70: =IFERROR(IF($E70>18,IF(($E70-18)>R$33,"**","*"),IF($E70>=R$8,"*","")),"") -> * | S70: =IFERROR(IF($E70>18,IF(($E70-18)>S$33,"**","*"),IF($E70>=S$8,"*","")),"") -> * | T70: =IFERROR(IF($E70>18,IF(($E70-18)>T$33,"**","*"),IF($E70>=T$8,"*","")),"") -> * | U70: =IFERROR(IF($E70>18,IF(($E70-18)>U$33,"**","*"),IF($E70>=U$8,"*","")),"") -> * | V70: =IFERROR(IF($E70>18,IF(($E70-18)>V$33,"**","*"),IF($E70>=V$8,"*","")),"") -> * | W70: =IFERROR(IF($E70>18,IF(($E70-18)>W$33,"**","*"),IF($E70>=W$8,"*","")),"") -> * | X70: =IFERROR(IF($E70>18,IF(($E70-18)>X$33,"**","*"),IF($E70>=X$8,"*","")),"") -> * | Y70: =IFERROR(IF($E70>18,IF(($E70-18)>Y$33,"**","*"),IF($E70>=Y$8,"*","")),"") -> * | Z70: =IF(Q71="","",SUM(Q71:Y71)) | AA70: =IF(Z70="","",SUM(O70,Z70))
D73: Best Ball (Net) | F73: =IF(F69="","",MIN(IF(F68="**",F69-2,IF(F68="*",F69-1,F69)),(IF(F70="**",F71-2,IF(F70="*",F71-1,F71))))) | G73: =IF(G69="","",MIN(IF(G68="**",G69-2,IF(G68="*",G69-1,G69)),(IF(G70="**",G71-2,IF(G70="*",G71-1,G71))))) | H73: =IF(H69="","",MIN(IF(H68="**",H69-2,IF(H68="*",H69-1,H69)),(IF(H70="**",H71-2,IF(H70="*",H71-1,H71))))) | I73: =IF(I69="","",MIN(IF(I68="**",I69-2,IF(I68="*",I69-1,I69)),(IF(I70="**",I71-2,IF(I70="*",I71-1,I71))))) | J73: =IF(J69="","",MIN(IF(J68="**",J69-2,IF(J68="*",J69-1,J69)),(IF(J70="**",J71-2,IF(J70="*",J71-1,J71))))) | K73: =IF(K69="","",MIN(IF(K68="**",K69-2,IF(K68="*",K69-1,K69)),(IF(K70="**",K71-2,IF(K70="*",K71-1,K71))))) | L73: =IF(L69="","",MIN(IF(L68="**",L69-2,IF(L68="*",L69-1,L69)),(IF(L70="**",L71-2,IF(L70="*",L71-1,L71))))) | M73: =IF(M69="","",MIN(IF(M68="**",M69-2,IF(M68="*",M69-1,M69)),(IF(M70="**",M71-2,IF(M70="*",M71-1,M71))))) | N73: =IF(N69="","",MIN(IF(N68="**",N69-2,IF(N68="*",N69-1,N69)),(IF(N70="**",N71-2,IF(N70="*",N71-1,N71))))) | O73: =IF(F73="","",SUM(F73:N73)) | Q73: =IF(Q69="","",MIN(IF(Q68="**",Q69-2,IF(Q68="*",Q69-1,Q69)),(IF(Q70="**",Q71-2,IF(Q70="*",Q71-1,Q71))))) | R73: =IF(R69="","",MIN(IF(R68="**",R69-2,IF(R68="*",R69-1,R69)),(IF(R70="**",R71-2,IF(R70="*",R71-1,R71))))) | S73: =IF(S69="","",MIN(IF(S68="**",S69-2,IF(S68="*",S69-1,S69)),(IF(S70="**",S71-2,IF(S70="*",S71-1,S71))))) | T73: =IF(T69="","",MIN(IF(T68="**",T69-2,IF(T68="*",T69-1,T69)),(IF(T70="**",T71-2,IF(T70="*",T71-1,T71))))) | U73: =IF(U69="","",MIN(IF(U68="**",U69-2,IF(U68="*",U69-1,U69)),(IF(U70="**",U71-2,IF(U70="*",U71-1,U71))))) | V73: =IF(V69="","",MIN(IF(V68="**",V69-2,IF(V68="*",V69-1,V69)),(IF(V70="**",V71-2,IF(V70="*",V71-1,V71))))) | W73: =IF(W69="","",MIN(IF(W68="**",W69-2,IF(W68="*",W69-1,W69)),(IF(W70="**",W71-2,IF(W70="*",W71-1,W71))))) | X73: =IF(X69="","",MIN(IF(X68="**",X69-2,IF(X68="*",X69-1,X69)),(IF(X70="**",X71-2,IF(X70="*",X71-1,X71))))) | Y73: =IF(Y69="","",MIN(IF(Y68="**",Y69-2,IF(Y68="*",Y69-1,Y69)),(IF(Y70="**",Y71-2,IF(Y70="*",Y71-1,Y71))))) | Z73: =IF(Q73="","",SUM(Q73:Y73)) | AA73: =IF(Z73="","",Z73+O73)
D74: Points | F74: =IF(F73="","",IF(F73=F65,0.5,IF(F73<F65,1,0))) | G74: =IF(G73="","",IF(G73=G65,0.5,IF(G73<G65,1,0))) | H74: =IF(H73="","",IF(H73=H65,0.5,IF(H73<H65,1,0))) | I74: =IF(I73="","",IF(I73=I65,0.5,IF(I73<I65,1,0))) | J74: =IF(J73="","",IF(J73=J65,0.5,IF(J73<J65,1,0))) | K74: =IF(K73="","",IF(K73=K65,0.5,IF(K73<K65,1,0))) | L74: =IF(L73="","",IF(L73=L65,0.5,IF(L73<L65,1,0))) | M74: =IF(M73="","",IF(M73=M65,0.5,IF(M73<M65,1,0))) | N74: =IF(N73="","",IF(N73=N65,0.5,IF(N73<N65,1,0))) | O74: =IF(F74="","",SUM(F74:N74)) | Q74: =IF(Q73="","",IF(Q73=Q65,0.5,IF(Q73<Q65,1,0))) | R74: =IF(R73="","",IF(R73=R65,0.5,IF(R73<R65,1,0))) | S74: =IF(S73="","",IF(S73=S65,0.5,IF(S73<S65,1,0))) | T74: =IF(T73="","",IF(T73=T65,0.5,IF(T73<T65,1,0))) | U74: =IF(U73="","",IF(U73=U65,0.5,IF(U73<U65,1,0))) | V74: =IF(V73="","",IF(V73=V65,0.5,IF(V73<V65,1,0))) | W74: =IF(W73="","",IF(W73=W65,0.5,IF(W73<W65,1,0))) | X74: =IF(X73="","",IF(X73=X65,0.5,IF(X73<X65,1,0))) | Y74: =IF(Y73="","",IF(Y73=Y65,0.5,IF(Y73<Y65,1,0))) | Z74: =IF(Q74="","",SUM(Q74:Y74)) | AA74: =IF(Z74="","",Z74+O74)
D78: =D53 -> Course | K78: =K53 -> Pure Michigan Open 2k21
H79: =H54 -> Front | T79: =T54 -> Back
E80: Hole | F80: =F55 -> 1 | G80: =G55 -> 2 | H80: =H55 -> 3 | I80: =I55 -> 4 | J80: =J55 -> 5 | K80: =K55 -> 6 | L80: =L55 -> 7 | M80: =M55 -> 8 | ... O80: =O55 -> Out | Q80: =Q55 -> 10 | R80: =R55 -> 11 | S80: =S55 -> 12 | T80: =T55 -> 13 | U80: =U55 -> 14 | V80: =V55 -> 15 | W80: =W55 -> 16 | X80: =X55 -> 17 | ... Z80: =Z55 -> In | AA80: Total
E81: =E56 -> Color | F81: =F56 | G81: =G56 | H81: =H56 | I81: =I56 | J81: =J56 | K81: =K56 | L81: =L56 | ... O81: =O56 -> 0 | Q81: =Q56 | R81: =R56 | S81: =S56 | T81: =T56 | U81: =U56 | V81: =V56 | W81: =W56 | X81: =X56 | ... Z81: =Z56 -> 0 | AA81: =Z81+O81 -> 0
E82: Par | F82: =F57 | G82: =G57 | H82: =H57 | I82: =I57 | J82: =J57 | K82: =K57 | L82: =L57 | M82: =M57 | ... O82: =O57 -> 0 | Q82: =Q57 | R82: =R57 | S82: =S57 | T82: =T57 | U82: =U57 | V82: =V57 | W82: =W57 | X82: =X57 | ... Z82: =Z57 -> 0 | AA82: =Z82+O82 -> 0
E83: Handicap | F83: =F58 | G83: =G58 | H83: =H58 | I83: =I58 | J83: =J58 | K83: =K58 | L83: =L58 | M83: =M58 | N83: =N58 | Q83: =Q58 | R83: =R58 | S83: =S58 | T83: =T58 | U83: =U58 | V83: =V58 | W83: =W58 | X83: =X58 | Y83: =Y58
E85: =IFERROR(VLOOKUP(D85,HANDICAPS!$B$8:$G$23,$B$3,FALSE),"") | F85: =IFERROR(IF($E85>18,IF(($E85-18)>F$33,"**","*"),IF($E85>=F$8,"*","")),"") -> * | G85: =IFERROR(IF($E85>18,IF(($E85-18)>G$33,"**","*"),IF($E85>=G$8,"*","")),"") -> * | H85: =IFERROR(IF($E85>18,IF(($E85-18)>H$33,"**","*"),IF($E85>=H$8,"*","")),"") -> * | I85: =IFERROR(IF($E85>18,IF(($E85-18)>I$33,"**","*"),IF($E85>=I$8,"*","")),"") -> * | J85: =IFERROR(IF($E85>18,IF(($E85-18)>J$33,"**","*"),IF($E85>=J$8,"*","")),"") -> * | K85: =IFERROR(IF($E85>18,IF(($E85-18)>K$33,"**","*"),IF($E85>=K$8,"*","")),"") -> * | L85: =IFERROR(IF($E85>18,IF(($E85-18)>L$33,"**","*"),IF($E85>=L$8,"*","")),"") -> * | M85: =IFERROR(IF($E85>18,IF(($E85-18)>M$33,"**","*"),IF($E85>=M$8,"*","")),"") -> * | N85: =IFERROR(IF($E85>18,IF(($E85-18)>N$33,"**","*"),IF($E85>=N$8,"*","")),"") -> * | O85: =IF(F86="","",SUM(F86:N86)) | Q85: =IFERROR(IF($E85>18,IF(($E85-18)>Q$33,"**","*"),IF($E85>=Q$8,"*","")),"") -> * | R85: =IFERROR(IF($E85>18,IF(($E85-18)>R$33,"**","*"),IF($E85>=R$8,"*","")),"") -> * | S85: =IFERROR(IF($E85>18,IF(($E85-18)>S$33,"**","*"),IF($E85>=S$8,"*","")),"") -> * | T85: =IFERROR(IF($E85>18,IF(($E85-18)>T$33,"**","*"),IF($E85>=T$8,"*","")),"") -> * | U85: =IFERROR(IF($E85>18,IF(($E85-18)>U$33,"**","*"),IF($E85>=U$8,"*","")),"") -> * | V85: =IFERROR(IF($E85>18,IF(($E85-18)>V$33,"**","*"),IF($E85>=V$8,"*","")),"") -> * | W85: =IFERROR(IF($E85>18,IF(($E85-18)>W$33,"**","*"),IF($E85>=W$8,"*","")),"") -> * | X85: =IFERROR(IF($E85>18,IF(($E85-18)>X$33,"**","*"),IF($E85>=X$8,"*","")),"") -> * | Y85: =IFERROR(IF($E85>18,IF(($E85-18)>Y$33,"**","*"),IF($E85>=Y$8,"*","")),"") -> * | Z85: =IF(Q86="","",SUM(Q86:Y86)) | AA85: =IF(Z85="","",SUM(O85,Z85))
E87: =IFERROR(VLOOKUP(D87,HANDICAPS!$B$8:$G$23,$B$3,FALSE),"") | F87: =IFERROR(IF($E87>18,IF(($E87-18)>F$33,"**","*"),IF($E87>=F$8,"*","")),"") -> * | G87: =IFERROR(IF($E87>18,IF(($E87-18)>G$33,"**","*"),IF($E87>=G$8,"*","")),"") -> * | H87: =IFERROR(IF($E87>18,IF(($E87-18)>H$33,"**","*"),IF($E87>=H$8,"*","")),"") -> * | I87: =IFERROR(IF($E87>18,IF(($E87-18)>I$33,"**","*"),IF($E87>=I$8,"*","")),"") -> * | J87: =IFERROR(IF($E87>18,IF(($E87-18)>J$33,"**","*"),IF($E87>=J$8,"*","")),"") -> * | K87: =IFERROR(IF($E87>18,IF(($E87-18)>K$33,"**","*"),IF($E87>=K$8,"*","")),"") -> * | L87: =IFERROR(IF($E87>18,IF(($E87-18)>L$33,"**","*"),IF($E87>=L$8,"*","")),"") -> * | M87: =IFERROR(IF($E87>18,IF(($E87-18)>M$33,"**","*"),IF($E87>=M$8,"*","")),"") -> * | N87: =IFERROR(IF($E87>18,IF(($E87-18)>N$33,"**","*"),IF($E87>=N$8,"*","")),"") -> * | O87: =IF(F88="","",SUM(F88:N88)) | Q87: =IFERROR(IF($E87>18,IF(($E87-18)>Q$33,"**","*"),IF($E87>=Q$8,"*","")),"") -> * | R87: =IFERROR(IF($E87>18,IF(($E87-18)>R$33,"**","*"),IF($E87>=R$8,"*","")),"") -> * | S87: =IFERROR(IF($E87>18,IF(($E87-18)>S$33,"**","*"),IF($E87>=S$8,"*","")),"") -> * | T87: =IFERROR(IF($E87>18,IF(($E87-18)>T$33,"**","*"),IF($E87>=T$8,"*","")),"") -> * | U87: =IFERROR(IF($E87>18,IF(($E87-18)>U$33,"**","*"),IF($E87>=U$8,"*","")),"") -> * | V87: =IFERROR(IF($E87>18,IF(($E87-18)>V$33,"**","*"),IF($E87>=V$8,"*","")),"") -> * | W87: =IFERROR(IF($E87>18,IF(($E87-18)>W$33,"**","*"),IF($E87>=W$8,"*","")),"") -> * | X87: =IFERROR(IF($E87>18,IF(($E87-18)>X$33,"**","*"),IF($E87>=X$8,"*","")),"") -> * | Y87: =IFERROR(IF($E87>18,IF(($E87-18)>Y$33,"**","*"),IF($E87>=Y$8,"*","")),"") -> * | Z87: =IF(Q88="","",SUM(Q88:Y88)) | AA87: =IF(Z87="","",SUM(O87,Z87))
D90: Best Ball (Net) | F90: =IF(F86="","",MIN(IF(F85="**",F86-2,IF(F85="*",F86-1,F86)),(IF(F87="**",F88-2,IF(F87="*",F88-1,F88))))) | G90: =IF(G86="","",MIN(IF(G85="**",G86-2,IF(G85="*",G86-1,G86)),(IF(G87="**",G88-2,IF(G87="*",G88-1,G88))))) | H90: =IF(H86="","",MIN(IF(H85="**",H86-2,IF(H85="*",H86-1,H86)),(IF(H87="**",H88-2,IF(H87="*",H88-1,H88))))) | I90: =IF(I86="","",MIN(IF(I85="**",I86-2,IF(I85="*",I86-1,I86)),(IF(I87="**",I88-2,IF(I87="*",I88-1,I88))))) | J90: =IF(J86="","",MIN(IF(J85="**",J86-2,IF(J85="*",J86-1,J86)),(IF(J87="**",J88-2,IF(J87="*",J88-1,J88))))) | K90: =IF(K86="","",MIN(IF(K85="**",K86-2,IF(K85="*",K86-1,K86)),(IF(K87="**",K88-2,IF(K87="*",K88-1,K88))))) | L90: =IF(L86="","",MIN(IF(L85="**",L86-2,IF(L85="*",L86-1,L86)),(IF(L87="**",L88-2,IF(L87="*",L88-1,L88))))) | M90: =IF(M86="","",MIN(IF(M85="**",M86-2,IF(M85="*",M86-1,M86)),(IF(M87="**",M88-2,IF(M87="*",M88-1,M88))))) | N90: =IF(N86="","",MIN(IF(N85="**",N86-2,IF(N85="*",N86-1,N86)),(IF(N87="**",N88-2,IF(N87="*",N88-1,N88))))) | O90: =IF(F90="","",SUM(F90:N90)) | Q90: =IF(Q86="","",MIN(IF(Q85="**",Q86-2,IF(Q85="*",Q86-1,Q86)),(IF(Q87="**",Q88-2,IF(Q87="*",Q88-1,Q88))))) | R90: =IF(R86="","",MIN(IF(R85="**",R86-2,IF(R85="*",R86-1,R86)),(IF(R87="**",R88-2,IF(R87="*",R88-1,R88))))) | S90: =IF(S86="","",MIN(IF(S85="**",S86-2,IF(S85="*",S86-1,S86)),(IF(S87="**",S88-2,IF(S87="*",S88-1,S88))))) | T90: =IF(T86="","",MIN(IF(T85="**",T86-2,IF(T85="*",T86-1,T86)),(IF(T87="**",T88-2,IF(T87="*",T88-1,T88))))) | U90: =IF(U86="","",MIN(IF(U85="**",U86-2,IF(U85="*",U86-1,U86)),(IF(U87="**",U88-2,IF(U87="*",U88-1,U88))))) | V90: =IF(V86="","",MIN(IF(V85="**",V86-2,IF(V85="*",V86-1,V86)),(IF(V87="**",V88-2,IF(V87="*",V88-1,V88))))) | W90: =IF(W86="","",MIN(IF(W85="**",W86-2,IF(W85="*",W86-1,W86)),(IF(W87="**",W88-2,IF(W87="*",W88-1,W88))))) | X90: =IF(X86="","",MIN(IF(X85="**",X86-2,IF(X85="*",X86-1,X86)),(IF(X87="**",X88-2,IF(X87="*",X88-1,X88))))) | Y90: =IF(Y86="","",MIN(IF(Y85="**",Y86-2,IF(Y85="*",Y86-1,Y86)),(IF(Y87="**",Y88-2,IF(Y87="*",Y88-1,Y88))))) | Z90: =IF(Q90="","",SUM(Q90:Y90)) | AA90: =IF(Z90="","",Z90+O90)
D91: Points | F91: =IF(F90="","",IF(F90=F98,0.5,IF(F90<F98,1,0))) | G91: =IF(G90="","",IF(G90=G98,0.5,IF(G90<G98,1,0))) | H91: =IF(H90="","",IF(H90=H98,0.5,IF(H90<H98,1,0))) | I91: =IF(I90="","",IF(I90=I98,0.5,IF(I90<I98,1,0))) | J91: =IF(J90="","",IF(J90=J98,0.5,IF(J90<J98,1,0))) | K91: =IF(K90="","",IF(K90=K98,0.5,IF(K90<K98,1,0))) | L91: =IF(L90="","",IF(L90=L98,0.5,IF(L90<L98,1,0))) | M91: =IF(M90="","",IF(M90=M98,0.5,IF(M90<M98,1,0))) | N91: =IF(N90="","",IF(N90=N98,0.5,IF(N90<N98,1,0))) | O91: =IF(F91="","",SUM(F91:N91)) | Q91: =IF(Q90="","",IF(Q90=Q98,0.5,IF(Q90<Q98,1,0))) | R91: =IF(R90="","",IF(R90=R98,0.5,IF(R90<R98,1,0))) | S91: =IF(S90="","",IF(S90=S98,0.5,IF(S90<S98,1,0))) | T91: =IF(T90="","",IF(T90=T98,0.5,IF(T90<T98,1,0))) | U91: =IF(U90="","",IF(U90=U98,0.5,IF(U90<U98,1,0))) | V91: =IF(V90="","",IF(V90=V98,0.5,IF(V90<V98,1,0))) | W91: =IF(W90="","",IF(W90=W98,0.5,IF(W90<W98,1,0))) | X91: =IF(X90="","",IF(X90=X98,0.5,IF(X90<X98,1,0))) | Y91: =IF(Y90="","",IF(Y90=Y98,0.5,IF(Y90<Y98,1,0))) | Z91: =IF(Q91="","",SUM(Q91:Y91)) | AA91: =IF(Z91="","",Z91+O91)
E93: =IFERROR(VLOOKUP(D93,HANDICAPS!$B$8:$G$23,$B$3,FALSE),"") | F93: =IFERROR(IF($E93>18,IF(($E93-18)>F$33,"**","*"),IF($E93>=F$8,"*","")),"") -> * | G93: =IFERROR(IF($E93>18,IF(($E93-18)>G$33,"**","*"),IF($E93>=G$8,"*","")),"") -> * | H93: =IFERROR(IF($E93>18,IF(($E93-18)>H$33,"**","*"),IF($E93>=H$8,"*","")),"") -> * | I93: =IFERROR(IF($E93>18,IF(($E93-18)>I$33,"**","*"),IF($E93>=I$8,"*","")),"") -> * | J93: =IFERROR(IF($E93>18,IF(($E93-18)>J$33,"**","*"),IF($E93>=J$8,"*","")),"") -> * | K93: =IFERROR(IF($E93>18,IF(($E93-18)>K$33,"**","*"),IF($E93>=K$8,"*","")),"") -> * | L93: =IFERROR(IF($E93>18,IF(($E93-18)>L$33,"**","*"),IF($E93>=L$8,"*","")),"") -> * | M93: =IFERROR(IF($E93>18,IF(($E93-18)>M$33,"**","*"),IF($E93>=M$8,"*","")),"") -> * | N93: =IFERROR(IF($E93>18,IF(($E93-18)>N$33,"**","*"),IF($E93>=N$8,"*","")),"") -> * | O93: =IF(F94="","",SUM(F94:N94)) | Q93: =IFERROR(IF($E93>18,IF(($E93-18)>Q$33,"**","*"),IF($E93>=Q$8,"*","")),"") -> * | R93: =IFERROR(IF($E93>18,IF(($E93-18)>R$33,"**","*"),IF($E93>=R$8,"*","")),"") -> * | S93: =IFERROR(IF($E93>18,IF(($E93-18)>S$33,"**","*"),IF($E93>=S$8,"*","")),"") -> * | T93: =IFERROR(IF($E93>18,IF(($E93-18)>T$33,"**","*"),IF($E93>=T$8,"*","")),"") -> * | U93: =IFERROR(IF($E93>18,IF(($E93-18)>U$33,"**","*"),IF($E93>=U$8,"*","")),"") -> * | V93: =IFERROR(IF($E93>18,IF(($E93-18)>V$33,"**","*"),IF($E93>=V$8,"*","")),"") -> * | W93: =IFERROR(IF($E93>18,IF(($E93-18)>W$33,"**","*"),IF($E93>=W$8,"*","")),"") -> * | X93: =IFERROR(IF($E93>18,IF(($E93-18)>X$33,"**","*"),IF($E93>=X$8,"*","")),"") -> * | Y93: =IFERROR(IF($E93>18,IF(($E93-18)>Y$33,"**","*"),IF($E93>=Y$8,"*","")),"") -> * | Z93: =IF(Q94="","",SUM(Q94:Y94)) | AA93: =IF(Z93="","",SUM(O93,Z93))
E95: =IFERROR(VLOOKUP(D95,HANDICAPS!$B$8:$G$23,$B$3,FALSE),"") | F95: =IFERROR(IF($E95>18,IF(($E95-18)>F$33,"**","*"),IF($E95>=F$8,"*","")),"") -> * | G95: =IFERROR(IF($E95>18,IF(($E95-18)>G$33,"**","*"),IF($E95>=G$8,"*","")),"") -> * | H95: =IFERROR(IF($E95>18,IF(($E95-18)>H$33,"**","*"),IF($E95>=H$8,"*","")),"") -> * | I95: =IFERROR(IF($E95>18,IF(($E95-18)>I$33,"**","*"),IF($E95>=I$8,"*","")),"") -> * | J95: =IFERROR(IF($E95>18,IF(($E95-18)>J$33,"**","*"),IF($E95>=J$8,"*","")),"") -> * | K95: =IFERROR(IF($E95>18,IF(($E95-18)>K$33,"**","*"),IF($E95>=K$8,"*","")),"") -> * | L95: =IFERROR(IF($E95>18,IF(($E95-18)>L$33,"**","*"),IF($E95>=L$8,"*","")),"") -> * | M95: =IFERROR(IF($E95>18,IF(($E95-18)>M$33,"**","*"),IF($E95>=M$8,"*","")),"") -> * | N95: =IFERROR(IF($E95>18,IF(($E95-18)>N$33,"**","*"),IF($E95>=N$8,"*","")),"") -> * | O95: =IF(F96="","",SUM(F96:N96)) | Q95: =IFERROR(IF($E95>18,IF(($E95-18)>Q$33,"**","*"),IF($E95>=Q$8,"*","")),"") -> * | R95: =IFERROR(IF($E95>18,IF(($E95-18)>R$33,"**","*"),IF($E95>=R$8,"*","")),"") -> * | S95: =IFERROR(IF($E95>18,IF(($E95-18)>S$33,"**","*"),IF($E95>=S$8,"*","")),"") -> * | T95: =IFERROR(IF($E95>18,IF(($E95-18)>T$33,"**","*"),IF($E95>=T$8,"*","")),"") -> * | U95: =IFERROR(IF($E95>18,IF(($E95-18)>U$33,"**","*"),IF($E95>=U$8,"*","")),"") -> * | V95: =IFERROR(IF($E95>18,IF(($E95-18)>V$33,"**","*"),IF($E95>=V$8,"*","")),"") -> * | W95: =IFERROR(IF($E95>18,IF(($E95-18)>W$33,"**","*"),IF($E95>=W$8,"*","")),"") -> * | X95: =IFERROR(IF($E95>18,IF(($E95-18)>X$33,"**","*"),IF($E95>=X$8,"*","")),"") -> * | Y95: =IFERROR(IF($E95>18,IF(($E95-18)>Y$33,"**","*"),IF($E95>=Y$8,"*","")),"") -> * | Z95: =IF(Q96="","",SUM(Q96:Y96)) | AA95: =IF(Z95="","",SUM(O95,Z95))
D98: Best Ball (Net) | F98: =IF(F94="","",MIN(IF(F93="**",F94-2,IF(F93="*",F94-1,F94)),(IF(F95="**",F96-2,IF(F95="*",F96-1,F96))))) | G98: =IF(G94="","",MIN(IF(G93="**",G94-2,IF(G93="*",G94-1,G94)),(IF(G95="**",G96-2,IF(G95="*",G96-1,G96))))) | H98: =IF(H94="","",MIN(IF(H93="**",H94-2,IF(H93="*",H94-1,H94)),(IF(H95="**",H96-2,IF(H95="*",H96-1,H96))))) | I98: =IF(I94="","",MIN(IF(I93="**",I94-2,IF(I93="*",I94-1,I94)),(IF(I95="**",I96-2,IF(I95="*",I96-1,I96))))) | J98: =IF(J94="","",MIN(IF(J93="**",J94-2,IF(J93="*",J94-1,J94)),(IF(J95="**",J96-2,IF(J95="*",J96-1,J96))))) | K98: =IF(K94="","",MIN(IF(K93="**",K94-2,IF(K93="*",K94-1,K94)),(IF(K95="**",K96-2,IF(K95="*",K96-1,K96))))) | L98: =IF(L94="","",MIN(IF(L93="**",L94-2,IF(L93="*",L94-1,L94)),(IF(L95="**",L96-2,IF(L95="*",L96-1,L96))))) | M98: =IF(M94="","",MIN(IF(M93="**",M94-2,IF(M93="*",M94-1,M94)),(IF(M95="**",M96-2,IF(M95="*",M96-1,M96))))) | N98: =IF(N94="","",MIN(IF(N93="**",N94-2,IF(N93="*",N94-1,N94)),(IF(N95="**",N96-2,IF(N95="*",N96-1,N96))))) | O98: =IF(F98="","",SUM(F98:N98)) | Q98: =IF(Q94="","",MIN(IF(Q93="**",Q94-2,IF(Q93="*",Q94-1,Q94)),(IF(Q95="**",Q96-2,IF(Q95="*",Q96-1,Q96))))) | R98: =IF(R94="","",MIN(IF(R93="**",R94-2,IF(R93="*",R94-1,R94)),(IF(R95="**",R96-2,IF(R95="*",R96-1,R96))))) | S98: =IF(S94="","",MIN(IF(S93="**",S94-2,IF(S93="*",S94-1,S94)),(IF(S95="**",S96-2,IF(S95="*",S96-1,S96))))) | T98: =IF(T94="","",MIN(IF(T93="**",T94-2,IF(T93="*",T94-1,T94)),(IF(T95="**",T96-2,IF(T95="*",T96-1,T96))))) | U98: =IF(U94="","",MIN(IF(U93="**",U94-2,IF(U93="*",U94-1,U94)),(IF(U95="**",U96-2,IF(U95="*",U96-1,U96))))) | V98: =IF(V94="","",MIN(IF(V93="**",V94-2,IF(V93="*",V94-1,V94)),(IF(V95="**",V96-2,IF(V95="*",V96-1,V96))))) | W98: =IF(W94="","",MIN(IF(W93="**",W94-2,IF(W93="*",W94-1,W94)),(IF(W95="**",W96-2,IF(W95="*",W96-1,W96))))) | X98: =IF(X94="","",MIN(IF(X93="**",X94-2,IF(X93="*",X94-1,X94)),(IF(X95="**",X96-2,IF(X95="*",X96-1,X96))))) | Y98: =IF(Y94="","",MIN(IF(Y93="**",Y94-2,IF(Y93="*",Y94-1,Y94)),(IF(Y95="**",Y96-2,IF(Y95="*",Y96-1,Y96))))) | Z98: =IF(Q98="","",SUM(Q98:Y98)) | AA98: =IF(Z98="","",Z98+O98)
D99: Points | F99: =IF(F98="","",IF(F98=F90,0.5,IF(F98<F90,1,0))) | G99: =IF(G98="","",IF(G98=G90,0.5,IF(G98<G90,1,0))) | H99: =IF(H98="","",IF(H98=H90,0.5,IF(H98<H90,1,0))) | I99: =IF(I98="","",IF(I98=I90,0.5,IF(I98<I90,1,0))) | J99: =IF(J98="","",IF(J98=J90,0.5,IF(J98<J90,1,0))) | K99: =IF(K98="","",IF(K98=K90,0.5,IF(K98<K90,1,0))) | L99: =IF(L98="","",IF(L98=L90,0.5,IF(L98<L90,1,0))) | M99: =IF(M98="","",IF(M98=M90,0.5,IF(M98<M90,1,0))) | N99: =IF(N98="","",IF(N98=N90,0.5,IF(N98<N90,1,0))) | O99: =IF(F99="","",SUM(F99:N99)) | Q99: =IF(Q98="","",IF(Q98=Q90,0.5,IF(Q98<Q90,1,0))) | R99: =IF(R98="","",IF(R98=R90,0.5,IF(R98<R90,1,0))) | S99: =IF(S98="","",IF(S98=S90,0.5,IF(S98<S90,1,0))) | T99: =IF(T98="","",IF(T98=T90,0.5,IF(T98<T90,1,0))) | U99: =IF(U98="","",IF(U98=U90,0.5,IF(U98<U90,1,0))) | V99: =IF(V98="","",IF(V98=V90,0.5,IF(V98<V90,1,0))) | W99: =IF(W98="","",IF(W98=W90,0.5,IF(W98<W90,1,0))) | X99: =IF(X98="","",IF(X98=X90,0.5,IF(X98<X90,1,0))) | Y99: =IF(Y98="","",IF(Y98=Y90,0.5,IF(Y98<Y90,1,0))) | Z99: =IF(Q99="","",SUM(Q99:Y99)) | AA99: =IF(Z99="","",Z99+O99)
D113: Name
D114: =D10 | F114: =F11 | G114: =G11 | H114: =H11 | I114: =I11 | J114: =J11 | K114: =K11 | L114: =L11 | M114: =M11 | N114: =N11 | Q114: =Q11 | R114: =R11 | S114: =S11 | T114: =T11 | U114: =U11 | V114: =V11 | W114: =W11 | X114: =X11 | Y114: =Y11
D115: =D12 | F115: =F13 | G115: =G13 | H115: =H13 | I115: =I13 | J115: =J13 | K115: =K13 | L115: =L13 | M115: =M13 | N115: =N13 | Q115: =Q13 | R115: =R13 | S115: =S13 | T115: =T13 | U115: =U13 | V115: =V13 | W115: =W13 | X115: =X13 | Y115: =Y13
D116: =D18 | F116: =F19 | G116: =G19 | H116: =H19 | I116: =I19 | J116: =J19 | K116: =K19 | L116: =L19 | M116: =M19 | N116: =N19 | Q116: =Q19 | R116: =R19 | S116: =S19 | T116: =T19 | U116: =U19 | V116: =V19 | W116: =W19 | X116: =X19 | Y116: =Y19
D117: =D20 | F117: =F21 | G117: =G21 | H117: =H21 | I117: =I21 | J117: =J21 | K117: =K21 | L117: =L21 | M117: =M21 | N117: =N21 | Q117: =Q21 | R117: =R21 | S117: =S21 | T117: =T21 | U117: =U21 | V117: =V21 | W117: =W21 | X117: =X21 | Y117: =Y21
D118: =D35 | F118: =F36 | G118: =G36 | H118: =H36 | I118: =I36 | J118: =J36 | K118: =K36 | L118: =L36 | M118: =M36 | N118: =N36 | Q118: =Q36 | R118: =R36 | S118: =S36 | T118: =T36 | U118: =U36 | V118: =V36 | W118: =W36 | X118: =X36 | Y118: =Y36
D119: =D37 | F119: =F38 | G119: =G38 | H119: =H38 | I119: =I38 | J119: =J38 | K119: =K38 | L119: =L38 | M119: =M38 | N119: =N38 | Q119: =Q38 | R119: =R38 | S119: =S38 | T119: =T38 | U119: =U38 | V119: =V38 | W119: =W38 | X119: =X38 | Y119: =Y38
D120: =D43 | F120: =F44 | G120: =G44 | H120: =H44 | I120: =I44 | J120: =J44 | K120: =K44 | L120: =L44 | M120: =M44 | N120: =N44 | Q120: =Q44 | R120: =R44 | S120: =S44 | T120: =T44 | U120: =U44 | V120: =V44 | W120: =W44 | X120: =X44 | Y120: =Y44
D121: =D45 | F121: =F46 | G121: =G46 | H121: =H46 | I121: =I46 | J121: =J46 | K121: =K46 | L121: =L46 | M121: =M46 | N121: =N46 | Q121: =Q46 | R121: =R46 | S121: =S46 | T121: =T46 | U121: =U46 | V121: =V46 | W121: =W46 | X121: =X46 | Y121: =Y46
D122: =D60 | F122: =F61 | G122: =G61 | H122: =H61 | I122: =I61 | J122: =J61 | K122: =K61 | L122: =L61 | M122: =M61 | N122: =N61 | Q122: =Q61 | R122: =R61 | S122: =S61 | T122: =T61 | U122: =U61 | V122: =V61 | W122: =W61 | X122: =X61 | Y122: =Y61
D123: =D62 | F123: =F63 | G123: =G63 | H123: =H63 | I123: =I63 | J123: =J63 | K123: =K63 | L123: =L63 | M123: =M63 | N123: =N63 | Q123: =Q63 | R123: =R63 | S123: =S63 | T123: =T63 | U123: =U63 | V123: =V63 | W123: =W63 | X123: =X63 | Y123: =Y63
D124: =D68 | F124: =F69 | G124: =G69 | H124: =H69 | I124: =I69 | J124: =J69 | K124: =K69 | L124: =L69 | M124: =M69 | N124: =N69 | Q124: =Q69 | R124: =R69 | S124: =S69 | T124: =T69 | U124: =U69 | V124: =V69 | W124: =W69 | X124: =X69 | Y124: =Y69
D125: =D70 | F125: =F71 | G125: =G71 | H125: =H71 | I125: =I71 | J125: =J71 | K125: =K71 | L125: =L71 | M125: =M71 | N125: =N71 | Q125: =Q71 | R125: =R71 | S125: =S71 | T125: =T71 | U125: =U71 | V125: =V71 | W125: =W71 | X125: =X71 | Y125: =Y71
D126: =D85 | F126: =F86 | G126: =G86 | H126: =H86 | I126: =I86 | J126: =J86 | K126: =K86 | L126: =L86 | M126: =M86 | N126: =N86 | Q126: =Q86 | R126: =R86 | S126: =S86 | T126: =T86 | U126: =U86 | V126: =V86 | W126: =W86 | X126: =X86 | Y126: =Y86
D127: =D87 | F127: =F88 | G127: =G88 | H127: =H88 | I127: =I88 | J127: =J88 | K127: =K88 | L127: =L88 | M127: =M88 | N127: =N88 | Q127: =Q88 | R127: =R88 | S127: =S88 | T127: =T88 | U127: =U88 | V127: =V88 | W127: =W88 | X127: =X88 | Y127: =Y88
D128: =D93 | F128: =F94 | G128: =G94 | H128: =H94 | I128: =I94 | J128: =J94 | K128: =K94 | L128: =L94 | M128: =M94 | N128: =N94 | Q128: =Q94 | R128: =R94 | S128: =S94 | T128: =T94 | U128: =U94 | V128: =V94 | W128: =W94 | X128: =X94 | Y128: =Y94
D129: =D95 | F129: =F96 | G129: =G96 | H129: =H96 | I129: =I96 | J129: =J96 | K129: =K96 | L129: =L96 | M129: =M96 | N129: =N96 | Q129: =Q96 | R129: =R96 | S129: =S96 | T129: =T96 | U129: =U96 | V129: =V96 | W129: =W96 | X129: =X96 | Y129: =Y96
F130: 24 | G130: =F130-1 -> 23 | H130: =G130-1 -> 22 | I130: =H130-1 -> 21 | J130: =I130-1 -> 20 | K130: =J130-1 -> 19 | L130: =K130-1 -> 18 | M130: =L130-1 -> 17 | N130: =M130-1 -> 16 | Q130: =N130-3 -> 13 | R130: =Q130-1 -> 12 | S130: =R130-1 -> 11 | T130: =S130-1 -> 10 | U130: =T130-1 -> 9 | V130: =U130-1 -> 8 | W130: =V130-1 -> 7 | X130: =W130-1 -> 6 | Y130: =X130-1 -> 5
F131: 3 | G131: =F131+1 -> 4 | H131: =G131+1 -> 5 | I131: =H131+1 -> 6 | J131: =I131+1 -> 7 | K131: =J131+1 -> 8 | L131: =K131+1 -> 9 | M131: =L131+1 -> 10 | N131: =M131+1 -> 11 | Q131: =N131+3 -> 14 | R131: =Q131+1 -> 15 | S131: =R131+1 -> 16 | T131: =S131+1 -> 17 | U131: =T131+1 -> 18 | V131: =U131+1 -> 19 | W131: =V131+1 -> 20 | X131: =W131+1 -> 21 | Y131: =X131+1 -> 22
D132: Net Skins | E132: Par | F132: =F7 | G132: =G7 | H132: =H7 | I132: =I7 | J132: =J7 | K132: =K7 | L132: =L7 | M132: =M7 | N132: =N7 | Q132: =Q7 | R132: =R7 | S132: =S7 | T132: =T7 | U132: =U7 | V132: =V7 | W132: =W7 | X132: =X7 | Y132: =Y7
D133: Name | E133: Opt-In | F133: 1 | G133: 2 | H133: 3 | I133: 4 | J133: 5 | K133: 6 | L133: 7 | M133: 8 | N133: 9 | Q133: 10 | R133: 11 | S133: 12 | T133: 13 | U133: 14 | V133: 15 | W133: 16 | X133: 17 | Y133: 18 | AC133: Pot | AD133: =COUNTIF(E134:E149,"Y")*10 -> 160
B134: Y | E134: Y | F134: =IFERROR(IF(VLOOKUP($D134,$D$114:$Y$129,F$131,FALSE)=0,"",VLOOKUP($D134,$D$114:$Y$129,F$131,FALSE)-IF(VLOOKUP($D134,$D$10:$Y$100,F$131,FALSE)="**",2,IF(VLOOKUP($D134,$D$10:$Y$100,F$131,FALSE)="*",1,0))),"") | G134: =IFERROR(IF(VLOOKUP($D134,$D$114:$Y$129,G$131,FALSE)=0,"",VLOOKUP($D134,$D$114:$Y$129,G$131,FALSE)-IF(VLOOKUP($D134,$D$10:$Y$100,G$131,FALSE)="**",2,IF(VLOOKUP($D134,$D$10:$Y$100,G$131,FALSE)="*",1,0))),"") | H134: =IFERROR(IF(VLOOKUP($D134,$D$114:$Y$129,H$131,FALSE)=0,"",VLOOKUP($D134,$D$114:$Y$129,H$131,FALSE)-IF(VLOOKUP($D134,$D$10:$Y$100,H$131,FALSE)="**",2,IF(VLOOKUP($D134,$D$10:$Y$100,H$131,FALSE)="*",1,0))),"") | I134: =IFERROR(IF(VLOOKUP($D134,$D$114:$Y$129,I$131,FALSE)=0,"",VLOOKUP($D134,$D$114:$Y$129,I$131,FALSE)-IF(VLOOKUP($D134,$D$10:$Y$100,I$131,FALSE)="**",2,IF(VLOOKUP($D134,$D$10:$Y$100,I$131,FALSE)="*",1,0))),"") | J134: =IFERROR(IF(VLOOKUP($D134,$D$114:$Y$129,J$131,FALSE)=0,"",VLOOKUP($D134,$D$114:$Y$129,J$131,FALSE)-IF(VLOOKUP($D134,$D$10:$Y$100,J$131,FALSE)="**",2,IF(VLOOKUP($D134,$D$10:$Y$100,J$131,FALSE)="*",1,0))),"") | K134: =IFERROR(IF(VLOOKUP($D134,$D$114:$Y$129,K$131,FALSE)=0,"",VLOOKUP($D134,$D$114:$Y$129,K$131,FALSE)-IF(VLOOKUP($D134,$D$10:$Y$100,K$131,FALSE)="**",2,IF(VLOOKUP($D134,$D$10:$Y$100,K$131,FALSE)="*",1,0))),"") | L134: =IFERROR(IF(VLOOKUP($D134,$D$114:$Y$129,L$131,FALSE)=0,"",VLOOKUP($D134,$D$114:$Y$129,L$131,FALSE)-IF(VLOOKUP($D134,$D$10:$Y$100,L$131,FALSE)="**",2,IF(VLOOKUP($D134,$D$10:$Y$100,L$131,FALSE)="*",1,0))),"") | M134: =IFERROR(IF(VLOOKUP($D134,$D$114:$Y$129,M$131,FALSE)=0,"",VLOOKUP($D134,$D$114:$Y$129,M$131,FALSE)-IF(VLOOKUP($D134,$D$10:$Y$100,M$131,FALSE)="**",2,IF(VLOOKUP($D134,$D$10:$Y$100,M$131,FALSE)="*",1,0))),"") | N134: =IFERROR(IF(VLOOKUP($D134,$D$114:$Y$129,N$131,FALSE)=0,"",VLOOKUP($D134,$D$114:$Y$129,N$131,FALSE)-IF(VLOOKUP($D134,$D$10:$Y$100,N$131,FALSE)="**",2,IF(VLOOKUP($D134,$D$10:$Y$100,N$131,FALSE)="*",1,0))),"") | Q134: =IFERROR(IF(VLOOKUP($D134,$D$114:$Y$129,Q$131,FALSE)=0,"",VLOOKUP($D134,$D$114:$Y$129,Q$131,FALSE)-IF(VLOOKUP($D134,$D$10:$Y$100,Q$131,FALSE)="**",2,IF(VLOOKUP($D134,$D$10:$Y$100,Q$131,FALSE)="*",1,0))),"") | R134: =IFERROR(IF(VLOOKUP($D134,$D$114:$Y$129,R$131,FALSE)=0,"",VLOOKUP($D134,$D$114:$Y$129,R$131,FALSE)-IF(VLOOKUP($D134,$D$10:$Y$100,R$131,FALSE)="**",2,IF(VLOOKUP($D134,$D$10:$Y$100,R$131,FALSE)="*",1,0))),"") | S134: =IFERROR(IF(VLOOKUP($D134,$D$114:$Y$129,S$131,FALSE)=0,"",VLOOKUP($D134,$D$114:$Y$129,S$131,FALSE)-IF(VLOOKUP($D134,$D$10:$Y$100,S$131,FALSE)="**",2,IF(VLOOKUP($D134,$D$10:$Y$100,S$131,FALSE)="*",1,0))),"") | T134: =IFERROR(IF(VLOOKUP($D134,$D$114:$Y$129,T$131,FALSE)=0,"",VLOOKUP($D134,$D$114:$Y$129,T$131,FALSE)-IF(VLOOKUP($D134,$D$10:$Y$100,T$131,FALSE)="**",2,IF(VLOOKUP($D134,$D$10:$Y$100,T$131,FALSE)="*",1,0))),"") | U134: =IFERROR(IF(VLOOKUP($D134,$D$114:$Y$129,U$131,FALSE)=0,"",VLOOKUP($D134,$D$114:$Y$129,U$131,FALSE)-IF(VLOOKUP($D134,$D$10:$Y$100,U$131,FALSE)="**",2,IF(VLOOKUP($D134,$D$10:$Y$100,U$131,FALSE)="*",1,0))),"") | V134: =IFERROR(IF(VLOOKUP($D134,$D$114:$Y$129,V$131,FALSE)=0,"",VLOOKUP($D134,$D$114:$Y$129,V$131,FALSE)-IF(VLOOKUP($D134,$D$10:$Y$100,V$131,FALSE)="**",2,IF(VLOOKUP($D134,$D$10:$Y$100,V$131,FALSE)="*",1,0))),"") | W134: =IFERROR(IF(VLOOKUP($D134,$D$114:$Y$129,W$131,FALSE)=0,"",VLOOKUP($D134,$D$114:$Y$129,W$131,FALSE)-IF(VLOOKUP($D134,$D$10:$Y$100,W$131,FALSE)="**",2,IF(VLOOKUP($D134,$D$10:$Y$100,W$131,FALSE)="*",1,0))),"") | X134: =IFERROR(IF(VLOOKUP($D134,$D$114:$Y$129,X$131,FALSE)=0,"",VLOOKUP($D134,$D$114:$Y$129,X$131,FALSE)-IF(VLOOKUP($D134,$D$10:$Y$100,X$131,FALSE)="**",2,IF(VLOOKUP($D134,$D$10:$Y$100,X$131,FALSE)="*",1,0))),"") | Y134: =IFERROR(IF(VLOOKUP($D134,$D$114:$Y$129,Y$131,FALSE)=0,"",VLOOKUP($D134,$D$114:$Y$129,Y$131,FALSE)-IF(VLOOKUP($D134,$D$10:$Y$100,Y$131,FALSE)="**",2,IF(VLOOKUP($D134,$D$10:$Y$100,Y$131,FALSE)="*",1,0))),"") | AC134: =D134 | AD134: =IFERROR(AD133/$Z$153*COUNTIF($F$154:$Y$154,AC134),0) -> 0
B135: N | E135: Y | F135: =IFERROR(IF(VLOOKUP($D135,$D$114:$Y$129,F$131,FALSE)=0,"",VLOOKUP($D135,$D$114:$Y$129,F$131,FALSE)-IF(VLOOKUP($D135,$D$10:$Y$100,F$131,FALSE)="**",2,IF(VLOOKUP($D135,$D$10:$Y$100,F$131,FALSE)="*",1,0))),"") | G135: =IFERROR(IF(VLOOKUP($D135,$D$114:$Y$129,G$131,FALSE)=0,"",VLOOKUP($D135,$D$114:$Y$129,G$131,FALSE)-IF(VLOOKUP($D135,$D$10:$Y$100,G$131,FALSE)="**",2,IF(VLOOKUP($D135,$D$10:$Y$100,G$131,FALSE)="*",1,0))),"") | H135: =IFERROR(IF(VLOOKUP($D135,$D$114:$Y$129,H$131,FALSE)=0,"",VLOOKUP($D135,$D$114:$Y$129,H$131,FALSE)-IF(VLOOKUP($D135,$D$10:$Y$100,H$131,FALSE)="**",2,IF(VLOOKUP($D135,$D$10:$Y$100,H$131,FALSE)="*",1,0))),"") | I135: =IFERROR(IF(VLOOKUP($D135,$D$114:$Y$129,I$131,FALSE)=0,"",VLOOKUP($D135,$D$114:$Y$129,I$131,FALSE)-IF(VLOOKUP($D135,$D$10:$Y$100,I$131,FALSE)="**",2,IF(VLOOKUP($D135,$D$10:$Y$100,I$131,FALSE)="*",1,0))),"") | J135: =IFERROR(IF(VLOOKUP($D135,$D$114:$Y$129,J$131,FALSE)=0,"",VLOOKUP($D135,$D$114:$Y$129,J$131,FALSE)-IF(VLOOKUP($D135,$D$10:$Y$100,J$131,FALSE)="**",2,IF(VLOOKUP($D135,$D$10:$Y$100,J$131,FALSE)="*",1,0))),"") | K135: =IFERROR(IF(VLOOKUP($D135,$D$114:$Y$129,K$131,FALSE)=0,"",VLOOKUP($D135,$D$114:$Y$129,K$131,FALSE)-IF(VLOOKUP($D135,$D$10:$Y$100,K$131,FALSE)="**",2,IF(VLOOKUP($D135,$D$10:$Y$100,K$131,FALSE)="*",1,0))),"") | L135: =IFERROR(IF(VLOOKUP($D135,$D$114:$Y$129,L$131,FALSE)=0,"",VLOOKUP($D135,$D$114:$Y$129,L$131,FALSE)-IF(VLOOKUP($D135,$D$10:$Y$100,L$131,FALSE)="**",2,IF(VLOOKUP($D135,$D$10:$Y$100,L$131,FALSE)="*",1,0))),"") | M135: =IFERROR(IF(VLOOKUP($D135,$D$114:$Y$129,M$131,FALSE)=0,"",VLOOKUP($D135,$D$114:$Y$129,M$131,FALSE)-IF(VLOOKUP($D135,$D$10:$Y$100,M$131,FALSE)="**",2,IF(VLOOKUP($D135,$D$10:$Y$100,M$131,FALSE)="*",1,0))),"") | N135: =IFERROR(IF(VLOOKUP($D135,$D$114:$Y$129,N$131,FALSE)=0,"",VLOOKUP($D135,$D$114:$Y$129,N$131,FALSE)-IF(VLOOKUP($D135,$D$10:$Y$100,N$131,FALSE)="**",2,IF(VLOOKUP($D135,$D$10:$Y$100,N$131,FALSE)="*",1,0))),"") | Q135: =IFERROR(IF(VLOOKUP($D135,$D$114:$Y$129,Q$131,FALSE)=0,"",VLOOKUP($D135,$D$114:$Y$129,Q$131,FALSE)-IF(VLOOKUP($D135,$D$10:$Y$100,Q$131,FALSE)="**",2,IF(VLOOKUP($D135,$D$10:$Y$100,Q$131,FALSE)="*",1,0))),"") | R135: =IFERROR(IF(VLOOKUP($D135,$D$114:$Y$129,R$131,FALSE)=0,"",VLOOKUP($D135,$D$114:$Y$129,R$131,FALSE)-IF(VLOOKUP($D135,$D$10:$Y$100,R$131,FALSE)="**",2,IF(VLOOKUP($D135,$D$10:$Y$100,R$131,FALSE)="*",1,0))),"") | S135: =IFERROR(IF(VLOOKUP($D135,$D$114:$Y$129,S$131,FALSE)=0,"",VLOOKUP($D135,$D$114:$Y$129,S$131,FALSE)-IF(VLOOKUP($D135,$D$10:$Y$100,S$131,FALSE)="**",2,IF(VLOOKUP($D135,$D$10:$Y$100,S$131,FALSE)="*",1,0))),"") | T135: =IFERROR(IF(VLOOKUP($D135,$D$114:$Y$129,T$131,FALSE)=0,"",VLOOKUP($D135,$D$114:$Y$129,T$131,FALSE)-IF(VLOOKUP($D135,$D$10:$Y$100,T$131,FALSE)="**",2,IF(VLOOKUP($D135,$D$10:$Y$100,T$131,FALSE)="*",1,0))),"") | U135: =IFERROR(IF(VLOOKUP($D135,$D$114:$Y$129,U$131,FALSE)=0,"",VLOOKUP($D135,$D$114:$Y$129,U$131,FALSE)-IF(VLOOKUP($D135,$D$10:$Y$100,U$131,FALSE)="**",2,IF(VLOOKUP($D135,$D$10:$Y$100,U$131,FALSE)="*",1,0))),"") | V135: =IFERROR(IF(VLOOKUP($D135,$D$114:$Y$129,V$131,FALSE)=0,"",VLOOKUP($D135,$D$114:$Y$129,V$131,FALSE)-IF(VLOOKUP($D135,$D$10:$Y$100,V$131,FALSE)="**",2,IF(VLOOKUP($D135,$D$10:$Y$100,V$131,FALSE)="*",1,0))),"") | W135: =IFERROR(IF(VLOOKUP($D135,$D$114:$Y$129,W$131,FALSE)=0,"",VLOOKUP($D135,$D$114:$Y$129,W$131,FALSE)-IF(VLOOKUP($D135,$D$10:$Y$100,W$131,FALSE)="**",2,IF(VLOOKUP($D135,$D$10:$Y$100,W$131,FALSE)="*",1,0))),"") | X135: =IFERROR(IF(VLOOKUP($D135,$D$114:$Y$129,X$131,FALSE)=0,"",VLOOKUP($D135,$D$114:$Y$129,X$131,FALSE)-IF(VLOOKUP($D135,$D$10:$Y$100,X$131,FALSE)="**",2,IF(VLOOKUP($D135,$D$10:$Y$100,X$131,FALSE)="*",1,0))),"") | Y135: =IFERROR(IF(VLOOKUP($D135,$D$114:$Y$129,Y$131,FALSE)=0,"",VLOOKUP($D135,$D$114:$Y$129,Y$131,FALSE)-IF(VLOOKUP($D135,$D$10:$Y$100,Y$131,FALSE)="**",2,IF(VLOOKUP($D135,$D$10:$Y$100,Y$131,FALSE)="*",1,0))),"") | AC135: =D135 | AD135: =IFERROR(AD134/$Z$153*COUNTIF($F$154:$Y$154,AC135),0) -> 0
E136: Y | F136: =IFERROR(IF(VLOOKUP($D136,$D$114:$Y$129,F$131,FALSE)=0,"",VLOOKUP($D136,$D$114:$Y$129,F$131,FALSE)-IF(VLOOKUP($D136,$D$10:$Y$100,F$131,FALSE)="**",2,IF(VLOOKUP($D136,$D$10:$Y$100,F$131,FALSE)="*",1,0))),"") | G136: =IFERROR(IF(VLOOKUP($D136,$D$114:$Y$129,G$131,FALSE)=0,"",VLOOKUP($D136,$D$114:$Y$129,G$131,FALSE)-IF(VLOOKUP($D136,$D$10:$Y$100,G$131,FALSE)="**",2,IF(VLOOKUP($D136,$D$10:$Y$100,G$131,FALSE)="*",1,0))),"") | H136: =IFERROR(IF(VLOOKUP($D136,$D$114:$Y$129,H$131,FALSE)=0,"",VLOOKUP($D136,$D$114:$Y$129,H$131,FALSE)-IF(VLOOKUP($D136,$D$10:$Y$100,H$131,FALSE)="**",2,IF(VLOOKUP($D136,$D$10:$Y$100,H$131,FALSE)="*",1,0))),"") | I136: =IFERROR(IF(VLOOKUP($D136,$D$114:$Y$129,I$131,FALSE)=0,"",VLOOKUP($D136,$D$114:$Y$129,I$131,FALSE)-IF(VLOOKUP($D136,$D$10:$Y$100,I$131,FALSE)="**",2,IF(VLOOKUP($D136,$D$10:$Y$100,I$131,FALSE)="*",1,0))),"") | J136: =IFERROR(IF(VLOOKUP($D136,$D$114:$Y$129,J$131,FALSE)=0,"",VLOOKUP($D136,$D$114:$Y$129,J$131,FALSE)-IF(VLOOKUP($D136,$D$10:$Y$100,J$131,FALSE)="**",2,IF(VLOOKUP($D136,$D$10:$Y$100,J$131,FALSE)="*",1,0))),"") | K136: =IFERROR(IF(VLOOKUP($D136,$D$114:$Y$129,K$131,FALSE)=0,"",VLOOKUP($D136,$D$114:$Y$129,K$131,FALSE)-IF(VLOOKUP($D136,$D$10:$Y$100,K$131,FALSE)="**",2,IF(VLOOKUP($D136,$D$10:$Y$100,K$131,FALSE)="*",1,0))),"") | L136: =IFERROR(IF(VLOOKUP($D136,$D$114:$Y$129,L$131,FALSE)=0,"",VLOOKUP($D136,$D$114:$Y$129,L$131,FALSE)-IF(VLOOKUP($D136,$D$10:$Y$100,L$131,FALSE)="**",2,IF(VLOOKUP($D136,$D$10:$Y$100,L$131,FALSE)="*",1,0))),"") | M136: =IFERROR(IF(VLOOKUP($D136,$D$114:$Y$129,M$131,FALSE)=0,"",VLOOKUP($D136,$D$114:$Y$129,M$131,FALSE)-IF(VLOOKUP($D136,$D$10:$Y$100,M$131,FALSE)="**",2,IF(VLOOKUP($D136,$D$10:$Y$100,M$131,FALSE)="*",1,0))),"") | N136: =IFERROR(IF(VLOOKUP($D136,$D$114:$Y$129,N$131,FALSE)=0,"",VLOOKUP($D136,$D$114:$Y$129,N$131,FALSE)-IF(VLOOKUP($D136,$D$10:$Y$100,N$131,FALSE)="**",2,IF(VLOOKUP($D136,$D$10:$Y$100,N$131,FALSE)="*",1,0))),"") | Q136: =IFERROR(IF(VLOOKUP($D136,$D$114:$Y$129,Q$131,FALSE)=0,"",VLOOKUP($D136,$D$114:$Y$129,Q$131,FALSE)-IF(VLOOKUP($D136,$D$10:$Y$100,Q$131,FALSE)="**",2,IF(VLOOKUP($D136,$D$10:$Y$100,Q$131,FALSE)="*",1,0))),"") | R136: =IFERROR(IF(VLOOKUP($D136,$D$114:$Y$129,R$131,FALSE)=0,"",VLOOKUP($D136,$D$114:$Y$129,R$131,FALSE)-IF(VLOOKUP($D136,$D$10:$Y$100,R$131,FALSE)="**",2,IF(VLOOKUP($D136,$D$10:$Y$100,R$131,FALSE)="*",1,0))),"") | S136: =IFERROR(IF(VLOOKUP($D136,$D$114:$Y$129,S$131,FALSE)=0,"",VLOOKUP($D136,$D$114:$Y$129,S$131,FALSE)-IF(VLOOKUP($D136,$D$10:$Y$100,S$131,FALSE)="**",2,IF(VLOOKUP($D136,$D$10:$Y$100,S$131,FALSE)="*",1,0))),"") | T136: =IFERROR(IF(VLOOKUP($D136,$D$114:$Y$129,T$131,FALSE)=0,"",VLOOKUP($D136,$D$114:$Y$129,T$131,FALSE)-IF(VLOOKUP($D136,$D$10:$Y$100,T$131,FALSE)="**",2,IF(VLOOKUP($D136,$D$10:$Y$100,T$131,FALSE)="*",1,0))),"") | U136: =IFERROR(IF(VLOOKUP($D136,$D$114:$Y$129,U$131,FALSE)=0,"",VLOOKUP($D136,$D$114:$Y$129,U$131,FALSE)-IF(VLOOKUP($D136,$D$10:$Y$100,U$131,FALSE)="**",2,IF(VLOOKUP($D136,$D$10:$Y$100,U$131,FALSE)="*",1,0))),"") | V136: =IFERROR(IF(VLOOKUP($D136,$D$114:$Y$129,V$131,FALSE)=0,"",VLOOKUP($D136,$D$114:$Y$129,V$131,FALSE)-IF(VLOOKUP($D136,$D$10:$Y$100,V$131,FALSE)="**",2,IF(VLOOKUP($D136,$D$10:$Y$100,V$131,FALSE)="*",1,0))),"") | W136: =IFERROR(IF(VLOOKUP($D136,$D$114:$Y$129,W$131,FALSE)=0,"",VLOOKUP($D136,$D$114:$Y$129,W$131,FALSE)-IF(VLOOKUP($D136,$D$10:$Y$100,W$131,FALSE)="**",2,IF(VLOOKUP($D136,$D$10:$Y$100,W$131,FALSE)="*",1,0))),"") | X136: =IFERROR(IF(VLOOKUP($D136,$D$114:$Y$129,X$131,FALSE)=0,"",VLOOKUP($D136,$D$114:$Y$129,X$131,FALSE)-IF(VLOOKUP($D136,$D$10:$Y$100,X$131,FALSE)="**",2,IF(VLOOKUP($D136,$D$10:$Y$100,X$131,FALSE)="*",1,0))),"") | Y136: =IFERROR(IF(VLOOKUP($D136,$D$114:$Y$129,Y$131,FALSE)=0,"",VLOOKUP($D136,$D$114:$Y$129,Y$131,FALSE)-IF(VLOOKUP($D136,$D$10:$Y$100,Y$131,FALSE)="**",2,IF(VLOOKUP($D136,$D$10:$Y$100,Y$131,FALSE)="*",1,0))),"") | AC136: =D136 | AD136: =IFERROR(AD135/$Z$153*COUNTIF($F$154:$Y$154,AC136),0) -> 0
E137: Y | F137: =IFERROR(IF(VLOOKUP($D137,$D$114:$Y$129,F$131,FALSE)=0,"",VLOOKUP($D137,$D$114:$Y$129,F$131,FALSE)-IF(VLOOKUP($D137,$D$10:$Y$100,F$131,FALSE)="**",2,IF(VLOOKUP($D137,$D$10:$Y$100,F$131,FALSE)="*",1,0))),"") | G137: =IFERROR(IF(VLOOKUP($D137,$D$114:$Y$129,G$131,FALSE)=0,"",VLOOKUP($D137,$D$114:$Y$129,G$131,FALSE)-IF(VLOOKUP($D137,$D$10:$Y$100,G$131,FALSE)="**",2,IF(VLOOKUP($D137,$D$10:$Y$100,G$131,FALSE)="*",1,0))),"") | H137: =IFERROR(IF(VLOOKUP($D137,$D$114:$Y$129,H$131,FALSE)=0,"",VLOOKUP($D137,$D$114:$Y$129,H$131,FALSE)-IF(VLOOKUP($D137,$D$10:$Y$100,H$131,FALSE)="**",2,IF(VLOOKUP($D137,$D$10:$Y$100,H$131,FALSE)="*",1,0))),"") | I137: =IFERROR(IF(VLOOKUP($D137,$D$114:$Y$129,I$131,FALSE)=0,"",VLOOKUP($D137,$D$114:$Y$129,I$131,FALSE)-IF(VLOOKUP($D137,$D$10:$Y$100,I$131,FALSE)="**",2,IF(VLOOKUP($D137,$D$10:$Y$100,I$131,FALSE)="*",1,0))),"") | J137: =IFERROR(IF(VLOOKUP($D137,$D$114:$Y$129,J$131,FALSE)=0,"",VLOOKUP($D137,$D$114:$Y$129,J$131,FALSE)-IF(VLOOKUP($D137,$D$10:$Y$100,J$131,FALSE)="**",2,IF(VLOOKUP($D137,$D$10:$Y$100,J$131,FALSE)="*",1,0))),"") | K137: =IFERROR(IF(VLOOKUP($D137,$D$114:$Y$129,K$131,FALSE)=0,"",VLOOKUP($D137,$D$114:$Y$129,K$131,FALSE)-IF(VLOOKUP($D137,$D$10:$Y$100,K$131,FALSE)="**",2,IF(VLOOKUP($D137,$D$10:$Y$100,K$131,FALSE)="*",1,0))),"") | L137: =IFERROR(IF(VLOOKUP($D137,$D$114:$Y$129,L$131,FALSE)=0,"",VLOOKUP($D137,$D$114:$Y$129,L$131,FALSE)-IF(VLOOKUP($D137,$D$10:$Y$100,L$131,FALSE)="**",2,IF(VLOOKUP($D137,$D$10:$Y$100,L$131,FALSE)="*",1,0))),"") | M137: =IFERROR(IF(VLOOKUP($D137,$D$114:$Y$129,M$131,FALSE)=0,"",VLOOKUP($D137,$D$114:$Y$129,M$131,FALSE)-IF(VLOOKUP($D137,$D$10:$Y$100,M$131,FALSE)="**",2,IF(VLOOKUP($D137,$D$10:$Y$100,M$131,FALSE)="*",1,0))),"") | N137: =IFERROR(IF(VLOOKUP($D137,$D$114:$Y$129,N$131,FALSE)=0,"",VLOOKUP($D137,$D$114:$Y$129,N$131,FALSE)-IF(VLOOKUP($D137,$D$10:$Y$100,N$131,FALSE)="**",2,IF(VLOOKUP($D137,$D$10:$Y$100,N$131,FALSE)="*",1,0))),"") | Q137: =IFERROR(IF(VLOOKUP($D137,$D$114:$Y$129,Q$131,FALSE)=0,"",VLOOKUP($D137,$D$114:$Y$129,Q$131,FALSE)-IF(VLOOKUP($D137,$D$10:$Y$100,Q$131,FALSE)="**",2,IF(VLOOKUP($D137,$D$10:$Y$100,Q$131,FALSE)="*",1,0))),"") | R137: =IFERROR(IF(VLOOKUP($D137,$D$114:$Y$129,R$131,FALSE)=0,"",VLOOKUP($D137,$D$114:$Y$129,R$131,FALSE)-IF(VLOOKUP($D137,$D$10:$Y$100,R$131,FALSE)="**",2,IF(VLOOKUP($D137,$D$10:$Y$100,R$131,FALSE)="*",1,0))),"") | S137: =IFERROR(IF(VLOOKUP($D137,$D$114:$Y$129,S$131,FALSE)=0,"",VLOOKUP($D137,$D$114:$Y$129,S$131,FALSE)-IF(VLOOKUP($D137,$D$10:$Y$100,S$131,FALSE)="**",2,IF(VLOOKUP($D137,$D$10:$Y$100,S$131,FALSE)="*",1,0))),"") | T137: =IFERROR(IF(VLOOKUP($D137,$D$114:$Y$129,T$131,FALSE)=0,"",VLOOKUP($D137,$D$114:$Y$129,T$131,FALSE)-IF(VLOOKUP($D137,$D$10:$Y$100,T$131,FALSE)="**",2,IF(VLOOKUP($D137,$D$10:$Y$100,T$131,FALSE)="*",1,0))),"") | U137: =IFERROR(IF(VLOOKUP($D137,$D$114:$Y$129,U$131,FALSE)=0,"",VLOOKUP($D137,$D$114:$Y$129,U$131,FALSE)-IF(VLOOKUP($D137,$D$10:$Y$100,U$131,FALSE)="**",2,IF(VLOOKUP($D137,$D$10:$Y$100,U$131,FALSE)="*",1,0))),"") | V137: =IFERROR(IF(VLOOKUP($D137,$D$114:$Y$129,V$131,FALSE)=0,"",VLOOKUP($D137,$D$114:$Y$129,V$131,FALSE)-IF(VLOOKUP($D137,$D$10:$Y$100,V$131,FALSE)="**",2,IF(VLOOKUP($D137,$D$10:$Y$100,V$131,FALSE)="*",1,0))),"") | W137: =IFERROR(IF(VLOOKUP($D137,$D$114:$Y$129,W$131,FALSE)=0,"",VLOOKUP($D137,$D$114:$Y$129,W$131,FALSE)-IF(VLOOKUP($D137,$D$10:$Y$100,W$131,FALSE)="**",2,IF(VLOOKUP($D137,$D$10:$Y$100,W$131,FALSE)="*",1,0))),"") | X137: =IFERROR(IF(VLOOKUP($D137,$D$114:$Y$129,X$131,FALSE)=0,"",VLOOKUP($D137,$D$114:$Y$129,X$131,FALSE)-IF(VLOOKUP($D137,$D$10:$Y$100,X$131,FALSE)="**",2,IF(VLOOKUP($D137,$D$10:$Y$100,X$131,FALSE)="*",1,0))),"") | Y137: =IFERROR(IF(VLOOKUP($D137,$D$114:$Y$129,Y$131,FALSE)=0,"",VLOOKUP($D137,$D$114:$Y$129,Y$131,FALSE)-IF(VLOOKUP($D137,$D$10:$Y$100,Y$131,FALSE)="**",2,IF(VLOOKUP($D137,$D$10:$Y$100,Y$131,FALSE)="*",1,0))),"") | AC137: =D137 | AD137: =IFERROR(AD136/$Z$153*COUNTIF($F$154:$Y$154,AC137),0) -> 0
E138: Y | F138: =IFERROR(IF(VLOOKUP($D138,$D$114:$Y$129,F$131,FALSE)=0,"",VLOOKUP($D138,$D$114:$Y$129,F$131,FALSE)-IF(VLOOKUP($D138,$D$10:$Y$100,F$131,FALSE)="**",2,IF(VLOOKUP($D138,$D$10:$Y$100,F$131,FALSE)="*",1,0))),"") | G138: =IFERROR(IF(VLOOKUP($D138,$D$114:$Y$129,G$131,FALSE)=0,"",VLOOKUP($D138,$D$114:$Y$129,G$131,FALSE)-IF(VLOOKUP($D138,$D$10:$Y$100,G$131,FALSE)="**",2,IF(VLOOKUP($D138,$D$10:$Y$100,G$131,FALSE)="*",1,0))),"") | H138: =IFERROR(IF(VLOOKUP($D138,$D$114:$Y$129,H$131,FALSE)=0,"",VLOOKUP($D138,$D$114:$Y$129,H$131,FALSE)-IF(VLOOKUP($D138,$D$10:$Y$100,H$131,FALSE)="**",2,IF(VLOOKUP($D138,$D$10:$Y$100,H$131,FALSE)="*",1,0))),"") | I138: =IFERROR(IF(VLOOKUP($D138,$D$114:$Y$129,I$131,FALSE)=0,"",VLOOKUP($D138,$D$114:$Y$129,I$131,FALSE)-IF(VLOOKUP($D138,$D$10:$Y$100,I$131,FALSE)="**",2,IF(VLOOKUP($D138,$D$10:$Y$100,I$131,FALSE)="*",1,0))),"") | J138: =IFERROR(IF(VLOOKUP($D138,$D$114:$Y$129,J$131,FALSE)=0,"",VLOOKUP($D138,$D$114:$Y$129,J$131,FALSE)-IF(VLOOKUP($D138,$D$10:$Y$100,J$131,FALSE)="**",2,IF(VLOOKUP($D138,$D$10:$Y$100,J$131,FALSE)="*",1,0))),"") | K138: =IFERROR(IF(VLOOKUP($D138,$D$114:$Y$129,K$131,FALSE)=0,"",VLOOKUP($D138,$D$114:$Y$129,K$131,FALSE)-IF(VLOOKUP($D138,$D$10:$Y$100,K$131,FALSE)="**",2,IF(VLOOKUP($D138,$D$10:$Y$100,K$131,FALSE)="*",1,0))),"") | L138: =IFERROR(IF(VLOOKUP($D138,$D$114:$Y$129,L$131,FALSE)=0,"",VLOOKUP($D138,$D$114:$Y$129,L$131,FALSE)-IF(VLOOKUP($D138,$D$10:$Y$100,L$131,FALSE)="**",2,IF(VLOOKUP($D138,$D$10:$Y$100,L$131,FALSE)="*",1,0))),"") | M138: =IFERROR(IF(VLOOKUP($D138,$D$114:$Y$129,M$131,FALSE)=0,"",VLOOKUP($D138,$D$114:$Y$129,M$131,FALSE)-IF(VLOOKUP($D138,$D$10:$Y$100,M$131,FALSE)="**",2,IF(VLOOKUP($D138,$D$10:$Y$100,M$131,FALSE)="*",1,0))),"") | N138: =IFERROR(IF(VLOOKUP($D138,$D$114:$Y$129,N$131,FALSE)=0,"",VLOOKUP($D138,$D$114:$Y$129,N$131,FALSE)-IF(VLOOKUP($D138,$D$10:$Y$100,N$131,FALSE)="**",2,IF(VLOOKUP($D138,$D$10:$Y$100,N$131,FALSE)="*",1,0))),"") | Q138: =IFERROR(IF(VLOOKUP($D138,$D$114:$Y$129,Q$131,FALSE)=0,"",VLOOKUP($D138,$D$114:$Y$129,Q$131,FALSE)-IF(VLOOKUP($D138,$D$10:$Y$100,Q$131,FALSE)="**",2,IF(VLOOKUP($D138,$D$10:$Y$100,Q$131,FALSE)="*",1,0))),"") | R138: =IFERROR(IF(VLOOKUP($D138,$D$114:$Y$129,R$131,FALSE)=0,"",VLOOKUP($D138,$D$114:$Y$129,R$131,FALSE)-IF(VLOOKUP($D138,$D$10:$Y$100,R$131,FALSE)="**",2,IF(VLOOKUP($D138,$D$10:$Y$100,R$131,FALSE)="*",1,0))),"") | S138: =IFERROR(IF(VLOOKUP($D138,$D$114:$Y$129,S$131,FALSE)=0,"",VLOOKUP($D138,$D$114:$Y$129,S$131,FALSE)-IF(VLOOKUP($D138,$D$10:$Y$100,S$131,FALSE)="**",2,IF(VLOOKUP($D138,$D$10:$Y$100,S$131,FALSE)="*",1,0))),"") | T138: =IFERROR(IF(VLOOKUP($D138,$D$114:$Y$129,T$131,FALSE)=0,"",VLOOKUP($D138,$D$114:$Y$129,T$131,FALSE)-IF(VLOOKUP($D138,$D$10:$Y$100,T$131,FALSE)="**",2,IF(VLOOKUP($D138,$D$10:$Y$100,T$131,FALSE)="*",1,0))),"") | U138: =IFERROR(IF(VLOOKUP($D138,$D$114:$Y$129,U$131,FALSE)=0,"",VLOOKUP($D138,$D$114:$Y$129,U$131,FALSE)-IF(VLOOKUP($D138,$D$10:$Y$100,U$131,FALSE)="**",2,IF(VLOOKUP($D138,$D$10:$Y$100,U$131,FALSE)="*",1,0))),"") | V138: =IFERROR(IF(VLOOKUP($D138,$D$114:$Y$129,V$131,FALSE)=0,"",VLOOKUP($D138,$D$114:$Y$129,V$131,FALSE)-IF(VLOOKUP($D138,$D$10:$Y$100,V$131,FALSE)="**",2,IF(VLOOKUP($D138,$D$10:$Y$100,V$131,FALSE)="*",1,0))),"") | W138: =IFERROR(IF(VLOOKUP($D138,$D$114:$Y$129,W$131,FALSE)=0,"",VLOOKUP($D138,$D$114:$Y$129,W$131,FALSE)-IF(VLOOKUP($D138,$D$10:$Y$100,W$131,FALSE)="**",2,IF(VLOOKUP($D138,$D$10:$Y$100,W$131,FALSE)="*",1,0))),"") | X138: =IFERROR(IF(VLOOKUP($D138,$D$114:$Y$129,X$131,FALSE)=0,"",VLOOKUP($D138,$D$114:$Y$129,X$131,FALSE)-IF(VLOOKUP($D138,$D$10:$Y$100,X$131,FALSE)="**",2,IF(VLOOKUP($D138,$D$10:$Y$100,X$131,FALSE)="*",1,0))),"") | Y138: =IFERROR(IF(VLOOKUP($D138,$D$114:$Y$129,Y$131,FALSE)=0,"",VLOOKUP($D138,$D$114:$Y$129,Y$131,FALSE)-IF(VLOOKUP($D138,$D$10:$Y$100,Y$131,FALSE)="**",2,IF(VLOOKUP($D138,$D$10:$Y$100,Y$131,FALSE)="*",1,0))),"") | AC138: =D138 | AD138: =IFERROR(AD137/$Z$153*COUNTIF($F$154:$Y$154,AC138),0) -> 0
E139: Y | F139: =IFERROR(IF(VLOOKUP($D139,$D$114:$Y$129,F$131,FALSE)=0,"",VLOOKUP($D139,$D$114:$Y$129,F$131,FALSE)-IF(VLOOKUP($D139,$D$10:$Y$100,F$131,FALSE)="**",2,IF(VLOOKUP($D139,$D$10:$Y$100,F$131,FALSE)="*",1,0))),"") | G139: =IFERROR(IF(VLOOKUP($D139,$D$114:$Y$129,G$131,FALSE)=0,"",VLOOKUP($D139,$D$114:$Y$129,G$131,FALSE)-IF(VLOOKUP($D139,$D$10:$Y$100,G$131,FALSE)="**",2,IF(VLOOKUP($D139,$D$10:$Y$100,G$131,FALSE)="*",1,0))),"") | H139: =IFERROR(IF(VLOOKUP($D139,$D$114:$Y$129,H$131,FALSE)=0,"",VLOOKUP($D139,$D$114:$Y$129,H$131,FALSE)-IF(VLOOKUP($D139,$D$10:$Y$100,H$131,FALSE)="**",2,IF(VLOOKUP($D139,$D$10:$Y$100,H$131,FALSE)="*",1,0))),"") | I139: =IFERROR(IF(VLOOKUP($D139,$D$114:$Y$129,I$131,FALSE)=0,"",VLOOKUP($D139,$D$114:$Y$129,I$131,FALSE)-IF(VLOOKUP($D139,$D$10:$Y$100,I$131,FALSE)="**",2,IF(VLOOKUP($D139,$D$10:$Y$100,I$131,FALSE)="*",1,0))),"") | J139: =IFERROR(IF(VLOOKUP($D139,$D$114:$Y$129,J$131,FALSE)=0,"",VLOOKUP($D139,$D$114:$Y$129,J$131,FALSE)-IF(VLOOKUP($D139,$D$10:$Y$100,J$131,FALSE)="**",2,IF(VLOOKUP($D139,$D$10:$Y$100,J$131,FALSE)="*",1,0))),"") | K139: =IFERROR(IF(VLOOKUP($D139,$D$114:$Y$129,K$131,FALSE)=0,"",VLOOKUP($D139,$D$114:$Y$129,K$131,FALSE)-IF(VLOOKUP($D139,$D$10:$Y$100,K$131,FALSE)="**",2,IF(VLOOKUP($D139,$D$10:$Y$100,K$131,FALSE)="*",1,0))),"") | L139: =IFERROR(IF(VLOOKUP($D139,$D$114:$Y$129,L$131,FALSE)=0,"",VLOOKUP($D139,$D$114:$Y$129,L$131,FALSE)-IF(VLOOKUP($D139,$D$10:$Y$100,L$131,FALSE)="**",2,IF(VLOOKUP($D139,$D$10:$Y$100,L$131,FALSE)="*",1,0))),"") | M139: =IFERROR(IF(VLOOKUP($D139,$D$114:$Y$129,M$131,FALSE)=0,"",VLOOKUP($D139,$D$114:$Y$129,M$131,FALSE)-IF(VLOOKUP($D139,$D$10:$Y$100,M$131,FALSE)="**",2,IF(VLOOKUP($D139,$D$10:$Y$100,M$131,FALSE)="*",1,0))),"") | N139: =IFERROR(IF(VLOOKUP($D139,$D$114:$Y$129,N$131,FALSE)=0,"",VLOOKUP($D139,$D$114:$Y$129,N$131,FALSE)-IF(VLOOKUP($D139,$D$10:$Y$100,N$131,FALSE)="**",2,IF(VLOOKUP($D139,$D$10:$Y$100,N$131,FALSE)="*",1,0))),"") | Q139: =IFERROR(IF(VLOOKUP($D139,$D$114:$Y$129,Q$131,FALSE)=0,"",VLOOKUP($D139,$D$114:$Y$129,Q$131,FALSE)-IF(VLOOKUP($D139,$D$10:$Y$100,Q$131,FALSE)="**",2,IF(VLOOKUP($D139,$D$10:$Y$100,Q$131,FALSE)="*",1,0))),"") | R139: =IFERROR(IF(VLOOKUP($D139,$D$114:$Y$129,R$131,FALSE)=0,"",VLOOKUP($D139,$D$114:$Y$129,R$131,FALSE)-IF(VLOOKUP($D139,$D$10:$Y$100,R$131,FALSE)="**",2,IF(VLOOKUP($D139,$D$10:$Y$100,R$131,FALSE)="*",1,0))),"") | S139: =IFERROR(IF(VLOOKUP($D139,$D$114:$Y$129,S$131,FALSE)=0,"",VLOOKUP($D139,$D$114:$Y$129,S$131,FALSE)-IF(VLOOKUP($D139,$D$10:$Y$100,S$131,FALSE)="**",2,IF(VLOOKUP($D139,$D$10:$Y$100,S$131,FALSE)="*",1,0))),"") | T139: =IFERROR(IF(VLOOKUP($D139,$D$114:$Y$129,T$131,FALSE)=0,"",VLOOKUP($D139,$D$114:$Y$129,T$131,FALSE)-IF(VLOOKUP($D139,$D$10:$Y$100,T$131,FALSE)="**",2,IF(VLOOKUP($D139,$D$10:$Y$100,T$131,FALSE)="*",1,0))),"") | U139: =IFERROR(IF(VLOOKUP($D139,$D$114:$Y$129,U$131,FALSE)=0,"",VLOOKUP($D139,$D$114:$Y$129,U$131,FALSE)-IF(VLOOKUP($D139,$D$10:$Y$100,U$131,FALSE)="**",2,IF(VLOOKUP($D139,$D$10:$Y$100,U$131,FALSE)="*",1,0))),"") | V139: =IFERROR(IF(VLOOKUP($D139,$D$114:$Y$129,V$131,FALSE)=0,"",VLOOKUP($D139,$D$114:$Y$129,V$131,FALSE)-IF(VLOOKUP($D139,$D$10:$Y$100,V$131,FALSE)="**",2,IF(VLOOKUP($D139,$D$10:$Y$100,V$131,FALSE)="*",1,0))),"") | W139: =IFERROR(IF(VLOOKUP($D139,$D$114:$Y$129,W$131,FALSE)=0,"",VLOOKUP($D139,$D$114:$Y$129,W$131,FALSE)-IF(VLOOKUP($D139,$D$10:$Y$100,W$131,FALSE)="**",2,IF(VLOOKUP($D139,$D$10:$Y$100,W$131,FALSE)="*",1,0))),"") | X139: =IFERROR(IF(VLOOKUP($D139,$D$114:$Y$129,X$131,FALSE)=0,"",VLOOKUP($D139,$D$114:$Y$129,X$131,FALSE)-IF(VLOOKUP($D139,$D$10:$Y$100,X$131,FALSE)="**",2,IF(VLOOKUP($D139,$D$10:$Y$100,X$131,FALSE)="*",1,0))),"") | Y139: =IFERROR(IF(VLOOKUP($D139,$D$114:$Y$129,Y$131,FALSE)=0,"",VLOOKUP($D139,$D$114:$Y$129,Y$131,FALSE)-IF(VLOOKUP($D139,$D$10:$Y$100,Y$131,FALSE)="**",2,IF(VLOOKUP($D139,$D$10:$Y$100,Y$131,FALSE)="*",1,0))),"") | AC139: =D139 | AD139: =IFERROR(AD138/$Z$153*COUNTIF($F$154:$Y$154,AC139),0) -> 0
E140: Y | F140: =IFERROR(IF(VLOOKUP($D140,$D$114:$Y$129,F$131,FALSE)=0,"",VLOOKUP($D140,$D$114:$Y$129,F$131,FALSE)-IF(VLOOKUP($D140,$D$10:$Y$100,F$131,FALSE)="**",2,IF(VLOOKUP($D140,$D$10:$Y$100,F$131,FALSE)="*",1,0))),"") | G140: =IFERROR(IF(VLOOKUP($D140,$D$114:$Y$129,G$131,FALSE)=0,"",VLOOKUP($D140,$D$114:$Y$129,G$131,FALSE)-IF(VLOOKUP($D140,$D$10:$Y$100,G$131,FALSE)="**",2,IF(VLOOKUP($D140,$D$10:$Y$100,G$131,FALSE)="*",1,0))),"") | H140: =IFERROR(IF(VLOOKUP($D140,$D$114:$Y$129,H$131,FALSE)=0,"",VLOOKUP($D140,$D$114:$Y$129,H$131,FALSE)-IF(VLOOKUP($D140,$D$10:$Y$100,H$131,FALSE)="**",2,IF(VLOOKUP($D140,$D$10:$Y$100,H$131,FALSE)="*",1,0))),"") | I140: =IFERROR(IF(VLOOKUP($D140,$D$114:$Y$129,I$131,FALSE)=0,"",VLOOKUP($D140,$D$114:$Y$129,I$131,FALSE)-IF(VLOOKUP($D140,$D$10:$Y$100,I$131,FALSE)="**",2,IF(VLOOKUP($D140,$D$10:$Y$100,I$131,FALSE)="*",1,0))),"") | J140: =IFERROR(IF(VLOOKUP($D140,$D$114:$Y$129,J$131,FALSE)=0,"",VLOOKUP($D140,$D$114:$Y$129,J$131,FALSE)-IF(VLOOKUP($D140,$D$10:$Y$100,J$131,FALSE)="**",2,IF(VLOOKUP($D140,$D$10:$Y$100,J$131,FALSE)="*",1,0))),"") | K140: =IFERROR(IF(VLOOKUP($D140,$D$114:$Y$129,K$131,FALSE)=0,"",VLOOKUP($D140,$D$114:$Y$129,K$131,FALSE)-IF(VLOOKUP($D140,$D$10:$Y$100,K$131,FALSE)="**",2,IF(VLOOKUP($D140,$D$10:$Y$100,K$131,FALSE)="*",1,0))),"") | L140: =IFERROR(IF(VLOOKUP($D140,$D$114:$Y$129,L$131,FALSE)=0,"",VLOOKUP($D140,$D$114:$Y$129,L$131,FALSE)-IF(VLOOKUP($D140,$D$10:$Y$100,L$131,FALSE)="**",2,IF(VLOOKUP($D140,$D$10:$Y$100,L$131,FALSE)="*",1,0))),"") | M140: =IFERROR(IF(VLOOKUP($D140,$D$114:$Y$129,M$131,FALSE)=0,"",VLOOKUP($D140,$D$114:$Y$129,M$131,FALSE)-IF(VLOOKUP($D140,$D$10:$Y$100,M$131,FALSE)="**",2,IF(VLOOKUP($D140,$D$10:$Y$100,M$131,FALSE)="*",1,0))),"") | N140: =IFERROR(IF(VLOOKUP($D140,$D$114:$Y$129,N$131,FALSE)=0,"",VLOOKUP($D140,$D$114:$Y$129,N$131,FALSE)-IF(VLOOKUP($D140,$D$10:$Y$100,N$131,FALSE)="**",2,IF(VLOOKUP($D140,$D$10:$Y$100,N$131,FALSE)="*",1,0))),"") | Q140: =IFERROR(IF(VLOOKUP($D140,$D$114:$Y$129,Q$131,FALSE)=0,"",VLOOKUP($D140,$D$114:$Y$129,Q$131,FALSE)-IF(VLOOKUP($D140,$D$10:$Y$100,Q$131,FALSE)="**",2,IF(VLOOKUP($D140,$D$10:$Y$100,Q$131,FALSE)="*",1,0))),"") | R140: =IFERROR(IF(VLOOKUP($D140,$D$114:$Y$129,R$131,FALSE)=0,"",VLOOKUP($D140,$D$114:$Y$129,R$131,FALSE)-IF(VLOOKUP($D140,$D$10:$Y$100,R$131,FALSE)="**",2,IF(VLOOKUP($D140,$D$10:$Y$100,R$131,FALSE)="*",1,0))),"") | S140: =IFERROR(IF(VLOOKUP($D140,$D$114:$Y$129,S$131,FALSE)=0,"",VLOOKUP($D140,$D$114:$Y$129,S$131,FALSE)-IF(VLOOKUP($D140,$D$10:$Y$100,S$131,FALSE)="**",2,IF(VLOOKUP($D140,$D$10:$Y$100,S$131,FALSE)="*",1,0))),"") | T140: =IFERROR(IF(VLOOKUP($D140,$D$114:$Y$129,T$131,FALSE)=0,"",VLOOKUP($D140,$D$114:$Y$129,T$131,FALSE)-IF(VLOOKUP($D140,$D$10:$Y$100,T$131,FALSE)="**",2,IF(VLOOKUP($D140,$D$10:$Y$100,T$131,FALSE)="*",1,0))),"") | U140: =IFERROR(IF(VLOOKUP($D140,$D$114:$Y$129,U$131,FALSE)=0,"",VLOOKUP($D140,$D$114:$Y$129,U$131,FALSE)-IF(VLOOKUP($D140,$D$10:$Y$100,U$131,FALSE)="**",2,IF(VLOOKUP($D140,$D$10:$Y$100,U$131,FALSE)="*",1,0))),"") | V140: =IFERROR(IF(VLOOKUP($D140,$D$114:$Y$129,V$131,FALSE)=0,"",VLOOKUP($D140,$D$114:$Y$129,V$131,FALSE)-IF(VLOOKUP($D140,$D$10:$Y$100,V$131,FALSE)="**",2,IF(VLOOKUP($D140,$D$10:$Y$100,V$131,FALSE)="*",1,0))),"") | W140: =IFERROR(IF(VLOOKUP($D140,$D$114:$Y$129,W$131,FALSE)=0,"",VLOOKUP($D140,$D$114:$Y$129,W$131,FALSE)-IF(VLOOKUP($D140,$D$10:$Y$100,W$131,FALSE)="**",2,IF(VLOOKUP($D140,$D$10:$Y$100,W$131,FALSE)="*",1,0))),"") | X140: =IFERROR(IF(VLOOKUP($D140,$D$114:$Y$129,X$131,FALSE)=0,"",VLOOKUP($D140,$D$114:$Y$129,X$131,FALSE)-IF(VLOOKUP($D140,$D$10:$Y$100,X$131,FALSE)="**",2,IF(VLOOKUP($D140,$D$10:$Y$100,X$131,FALSE)="*",1,0))),"") | Y140: =IFERROR(IF(VLOOKUP($D140,$D$114:$Y$129,Y$131,FALSE)=0,"",VLOOKUP($D140,$D$114:$Y$129,Y$131,FALSE)-IF(VLOOKUP($D140,$D$10:$Y$100,Y$131,FALSE)="**",2,IF(VLOOKUP($D140,$D$10:$Y$100,Y$131,FALSE)="*",1,0))),"") | AC140: =D140 | AD140: =IFERROR(AD139/$Z$153*COUNTIF($F$154:$Y$154,AC140),0) -> 0
E141: Y | F141: =IFERROR(IF(VLOOKUP($D141,$D$114:$Y$129,F$131,FALSE)=0,"",VLOOKUP($D141,$D$114:$Y$129,F$131,FALSE)-IF(VLOOKUP($D141,$D$10:$Y$100,F$131,FALSE)="**",2,IF(VLOOKUP($D141,$D$10:$Y$100,F$131,FALSE)="*",1,0))),"") | G141: =IFERROR(IF(VLOOKUP($D141,$D$114:$Y$129,G$131,FALSE)=0,"",VLOOKUP($D141,$D$114:$Y$129,G$131,FALSE)-IF(VLOOKUP($D141,$D$10:$Y$100,G$131,FALSE)="**",2,IF(VLOOKUP($D141,$D$10:$Y$100,G$131,FALSE)="*",1,0))),"") | H141: =IFERROR(IF(VLOOKUP($D141,$D$114:$Y$129,H$131,FALSE)=0,"",VLOOKUP($D141,$D$114:$Y$129,H$131,FALSE)-IF(VLOOKUP($D141,$D$10:$Y$100,H$131,FALSE)="**",2,IF(VLOOKUP($D141,$D$10:$Y$100,H$131,FALSE)="*",1,0))),"") | I141: =IFERROR(IF(VLOOKUP($D141,$D$114:$Y$129,I$131,FALSE)=0,"",VLOOKUP($D141,$D$114:$Y$129,I$131,FALSE)-IF(VLOOKUP($D141,$D$10:$Y$100,I$131,FALSE)="**",2,IF(VLOOKUP($D141,$D$10:$Y$100,I$131,FALSE)="*",1,0))),"") | J141: =IFERROR(IF(VLOOKUP($D141,$D$114:$Y$129,J$131,FALSE)=0,"",VLOOKUP($D141,$D$114:$Y$129,J$131,FALSE)-IF(VLOOKUP($D141,$D$10:$Y$100,J$131,FALSE)="**",2,IF(VLOOKUP($D141,$D$10:$Y$100,J$131,FALSE)="*",1,0))),"") | K141: =IFERROR(IF(VLOOKUP($D141,$D$114:$Y$129,K$131,FALSE)=0,"",VLOOKUP($D141,$D$114:$Y$129,K$131,FALSE)-IF(VLOOKUP($D141,$D$10:$Y$100,K$131,FALSE)="**",2,IF(VLOOKUP($D141,$D$10:$Y$100,K$131,FALSE)="*",1,0))),"") | L141: =IFERROR(IF(VLOOKUP($D141,$D$114:$Y$129,L$131,FALSE)=0,"",VLOOKUP($D141,$D$114:$Y$129,L$131,FALSE)-IF(VLOOKUP($D141,$D$10:$Y$100,L$131,FALSE)="**",2,IF(VLOOKUP($D141,$D$10:$Y$100,L$131,FALSE)="*",1,0))),"") | M141: =IFERROR(IF(VLOOKUP($D141,$D$114:$Y$129,M$131,FALSE)=0,"",VLOOKUP($D141,$D$114:$Y$129,M$131,FALSE)-IF(VLOOKUP($D141,$D$10:$Y$100,M$131,FALSE)="**",2,IF(VLOOKUP($D141,$D$10:$Y$100,M$131,FALSE)="*",1,0))),"") | N141: =IFERROR(IF(VLOOKUP($D141,$D$114:$Y$129,N$131,FALSE)=0,"",VLOOKUP($D141,$D$114:$Y$129,N$131,FALSE)-IF(VLOOKUP($D141,$D$10:$Y$100,N$131,FALSE)="**",2,IF(VLOOKUP($D141,$D$10:$Y$100,N$131,FALSE)="*",1,0))),"") | Q141: =IFERROR(IF(VLOOKUP($D141,$D$114:$Y$129,Q$131,FALSE)=0,"",VLOOKUP($D141,$D$114:$Y$129,Q$131,FALSE)-IF(VLOOKUP($D141,$D$10:$Y$100,Q$131,FALSE)="**",2,IF(VLOOKUP($D141,$D$10:$Y$100,Q$131,FALSE)="*",1,0))),"") | R141: =IFERROR(IF(VLOOKUP($D141,$D$114:$Y$129,R$131,FALSE)=0,"",VLOOKUP($D141,$D$114:$Y$129,R$131,FALSE)-IF(VLOOKUP($D141,$D$10:$Y$100,R$131,FALSE)="**",2,IF(VLOOKUP($D141,$D$10:$Y$100,R$131,FALSE)="*",1,0))),"") | S141: =IFERROR(IF(VLOOKUP($D141,$D$114:$Y$129,S$131,FALSE)=0,"",VLOOKUP($D141,$D$114:$Y$129,S$131,FALSE)-IF(VLOOKUP($D141,$D$10:$Y$100,S$131,FALSE)="**",2,IF(VLOOKUP($D141,$D$10:$Y$100,S$131,FALSE)="*",1,0))),"") | T141: =IFERROR(IF(VLOOKUP($D141,$D$114:$Y$129,T$131,FALSE)=0,"",VLOOKUP($D141,$D$114:$Y$129,T$131,FALSE)-IF(VLOOKUP($D141,$D$10:$Y$100,T$131,FALSE)="**",2,IF(VLOOKUP($D141,$D$10:$Y$100,T$131,FALSE)="*",1,0))),"") | U141: =IFERROR(IF(VLOOKUP($D141,$D$114:$Y$129,U$131,FALSE)=0,"",VLOOKUP($D141,$D$114:$Y$129,U$131,FALSE)-IF(VLOOKUP($D141,$D$10:$Y$100,U$131,FALSE)="**",2,IF(VLOOKUP($D141,$D$10:$Y$100,U$131,FALSE)="*",1,0))),"") | V141: =IFERROR(IF(VLOOKUP($D141,$D$114:$Y$129,V$131,FALSE)=0,"",VLOOKUP($D141,$D$114:$Y$129,V$131,FALSE)-IF(VLOOKUP($D141,$D$10:$Y$100,V$131,FALSE)="**",2,IF(VLOOKUP($D141,$D$10:$Y$100,V$131,FALSE)="*",1,0))),"") | W141: =IFERROR(IF(VLOOKUP($D141,$D$114:$Y$129,W$131,FALSE)=0,"",VLOOKUP($D141,$D$114:$Y$129,W$131,FALSE)-IF(VLOOKUP($D141,$D$10:$Y$100,W$131,FALSE)="**",2,IF(VLOOKUP($D141,$D$10:$Y$100,W$131,FALSE)="*",1,0))),"") | X141: =IFERROR(IF(VLOOKUP($D141,$D$114:$Y$129,X$131,FALSE)=0,"",VLOOKUP($D141,$D$114:$Y$129,X$131,FALSE)-IF(VLOOKUP($D141,$D$10:$Y$100,X$131,FALSE)="**",2,IF(VLOOKUP($D141,$D$10:$Y$100,X$131,FALSE)="*",1,0))),"") | Y141: =IFERROR(IF(VLOOKUP($D141,$D$114:$Y$129,Y$131,FALSE)=0,"",VLOOKUP($D141,$D$114:$Y$129,Y$131,FALSE)-IF(VLOOKUP($D141,$D$10:$Y$100,Y$131,FALSE)="**",2,IF(VLOOKUP($D141,$D$10:$Y$100,Y$131,FALSE)="*",1,0))),"") | AC141: =D141 | AD141: =IFERROR(AD140/$Z$153*COUNTIF($F$154:$Y$154,AC141),0) -> 0
E142: Y | F142: =IFERROR(IF(VLOOKUP($D142,$D$114:$Y$129,F$131,FALSE)=0,"",VLOOKUP($D142,$D$114:$Y$129,F$131,FALSE)-IF(VLOOKUP($D142,$D$10:$Y$100,F$131,FALSE)="**",2,IF(VLOOKUP($D142,$D$10:$Y$100,F$131,FALSE)="*",1,0))),"") | G142: =IFERROR(IF(VLOOKUP($D142,$D$114:$Y$129,G$131,FALSE)=0,"",VLOOKUP($D142,$D$114:$Y$129,G$131,FALSE)-IF(VLOOKUP($D142,$D$10:$Y$100,G$131,FALSE)="**",2,IF(VLOOKUP($D142,$D$10:$Y$100,G$131,FALSE)="*",1,0))),"") | H142: =IFERROR(IF(VLOOKUP($D142,$D$114:$Y$129,H$131,FALSE)=0,"",VLOOKUP($D142,$D$114:$Y$129,H$131,FALSE)-IF(VLOOKUP($D142,$D$10:$Y$100,H$131,FALSE)="**",2,IF(VLOOKUP($D142,$D$10:$Y$100,H$131,FALSE)="*",1,0))),"") | I142: =IFERROR(IF(VLOOKUP($D142,$D$114:$Y$129,I$131,FALSE)=0,"",VLOOKUP($D142,$D$114:$Y$129,I$131,FALSE)-IF(VLOOKUP($D142,$D$10:$Y$100,I$131,FALSE)="**",2,IF(VLOOKUP($D142,$D$10:$Y$100,I$131,FALSE)="*",1,0))),"") | J142: =IFERROR(IF(VLOOKUP($D142,$D$114:$Y$129,J$131,FALSE)=0,"",VLOOKUP($D142,$D$114:$Y$129,J$131,FALSE)-IF(VLOOKUP($D142,$D$10:$Y$100,J$131,FALSE)="**",2,IF(VLOOKUP($D142,$D$10:$Y$100,J$131,FALSE)="*",1,0))),"") | K142: =IFERROR(IF(VLOOKUP($D142,$D$114:$Y$129,K$131,FALSE)=0,"",VLOOKUP($D142,$D$114:$Y$129,K$131,FALSE)-IF(VLOOKUP($D142,$D$10:$Y$100,K$131,FALSE)="**",2,IF(VLOOKUP($D142,$D$10:$Y$100,K$131,FALSE)="*",1,0))),"") | L142: =IFERROR(IF(VLOOKUP($D142,$D$114:$Y$129,L$131,FALSE)=0,"",VLOOKUP($D142,$D$114:$Y$129,L$131,FALSE)-IF(VLOOKUP($D142,$D$10:$Y$100,L$131,FALSE)="**",2,IF(VLOOKUP($D142,$D$10:$Y$100,L$131,FALSE)="*",1,0))),"") | M142: =IFERROR(IF(VLOOKUP($D142,$D$114:$Y$129,M$131,FALSE)=0,"",VLOOKUP($D142,$D$114:$Y$129,M$131,FALSE)-IF(VLOOKUP($D142,$D$10:$Y$100,M$131,FALSE)="**",2,IF(VLOOKUP($D142,$D$10:$Y$100,M$131,FALSE)="*",1,0))),"") | N142: =IFERROR(IF(VLOOKUP($D142,$D$114:$Y$129,N$131,FALSE)=0,"",VLOOKUP($D142,$D$114:$Y$129,N$131,FALSE)-IF(VLOOKUP($D142,$D$10:$Y$100,N$131,FALSE)="**",2,IF(VLOOKUP($D142,$D$10:$Y$100,N$131,FALSE)="*",1,0))),"") | Q142: =IFERROR(IF(VLOOKUP($D142,$D$114:$Y$129,Q$131,FALSE)=0,"",VLOOKUP($D142,$D$114:$Y$129,Q$131,FALSE)-IF(VLOOKUP($D142,$D$10:$Y$100,Q$131,FALSE)="**",2,IF(VLOOKUP($D142,$D$10:$Y$100,Q$131,FALSE)="*",1,0))),"") | R142: =IFERROR(IF(VLOOKUP($D142,$D$114:$Y$129,R$131,FALSE)=0,"",VLOOKUP($D142,$D$114:$Y$129,R$131,FALSE)-IF(VLOOKUP($D142,$D$10:$Y$100,R$131,FALSE)="**",2,IF(VLOOKUP($D142,$D$10:$Y$100,R$131,FALSE)="*",1,0))),"") | S142: =IFERROR(IF(VLOOKUP($D142,$D$114:$Y$129,S$131,FALSE)=0,"",VLOOKUP($D142,$D$114:$Y$129,S$131,FALSE)-IF(VLOOKUP($D142,$D$10:$Y$100,S$131,FALSE)="**",2,IF(VLOOKUP($D142,$D$10:$Y$100,S$131,FALSE)="*",1,0))),"") | T142: =IFERROR(IF(VLOOKUP($D142,$D$114:$Y$129,T$131,FALSE)=0,"",VLOOKUP($D142,$D$114:$Y$129,T$131,FALSE)-IF(VLOOKUP($D142,$D$10:$Y$100,T$131,FALSE)="**",2,IF(VLOOKUP($D142,$D$10:$Y$100,T$131,FALSE)="*",1,0))),"") | U142: =IFERROR(IF(VLOOKUP($D142,$D$114:$Y$129,U$131,FALSE)=0,"",VLOOKUP($D142,$D$114:$Y$129,U$131,FALSE)-IF(VLOOKUP($D142,$D$10:$Y$100,U$131,FALSE)="**",2,IF(VLOOKUP($D142,$D$10:$Y$100,U$131,FALSE)="*",1,0))),"") | V142: =IFERROR(IF(VLOOKUP($D142,$D$114:$Y$129,V$131,FALSE)=0,"",VLOOKUP($D142,$D$114:$Y$129,V$131,FALSE)-IF(VLOOKUP($D142,$D$10:$Y$100,V$131,FALSE)="**",2,IF(VLOOKUP($D142,$D$10:$Y$100,V$131,FALSE)="*",1,0))),"") | W142: =IFERROR(IF(VLOOKUP($D142,$D$114:$Y$129,W$131,FALSE)=0,"",VLOOKUP($D142,$D$114:$Y$129,W$131,FALSE)-IF(VLOOKUP($D142,$D$10:$Y$100,W$131,FALSE)="**",2,IF(VLOOKUP($D142,$D$10:$Y$100,W$131,FALSE)="*",1,0))),"") | X142: =IFERROR(IF(VLOOKUP($D142,$D$114:$Y$129,X$131,FALSE)=0,"",VLOOKUP($D142,$D$114:$Y$129,X$131,FALSE)-IF(VLOOKUP($D142,$D$10:$Y$100,X$131,FALSE)="**",2,IF(VLOOKUP($D142,$D$10:$Y$100,X$131,FALSE)="*",1,0))),"") | Y142: =IFERROR(IF(VLOOKUP($D142,$D$114:$Y$129,Y$131,FALSE)=0,"",VLOOKUP($D142,$D$114:$Y$129,Y$131,FALSE)-IF(VLOOKUP($D142,$D$10:$Y$100,Y$131,FALSE)="**",2,IF(VLOOKUP($D142,$D$10:$Y$100,Y$131,FALSE)="*",1,0))),"") | AC142: =D142 | AD142: =IFERROR(AD141/$Z$153*COUNTIF($F$154:$Y$154,AC142),0) -> 0
E143: Y | F143: =IFERROR(IF(VLOOKUP($D143,$D$114:$Y$129,F$131,FALSE)=0,"",VLOOKUP($D143,$D$114:$Y$129,F$131,FALSE)-IF(VLOOKUP($D143,$D$10:$Y$100,F$131,FALSE)="**",2,IF(VLOOKUP($D143,$D$10:$Y$100,F$131,FALSE)="*",1,0))),"") | G143: =IFERROR(IF(VLOOKUP($D143,$D$114:$Y$129,G$131,FALSE)=0,"",VLOOKUP($D143,$D$114:$Y$129,G$131,FALSE)-IF(VLOOKUP($D143,$D$10:$Y$100,G$131,FALSE)="**",2,IF(VLOOKUP($D143,$D$10:$Y$100,G$131,FALSE)="*",1,0))),"") | H143: =IFERROR(IF(VLOOKUP($D143,$D$114:$Y$129,H$131,FALSE)=0,"",VLOOKUP($D143,$D$114:$Y$129,H$131,FALSE)-IF(VLOOKUP($D143,$D$10:$Y$100,H$131,FALSE)="**",2,IF(VLOOKUP($D143,$D$10:$Y$100,H$131,FALSE)="*",1,0))),"") | I143: =IFERROR(IF(VLOOKUP($D143,$D$114:$Y$129,I$131,FALSE)=0,"",VLOOKUP($D143,$D$114:$Y$129,I$131,FALSE)-IF(VLOOKUP($D143,$D$10:$Y$100,I$131,FALSE)="**",2,IF(VLOOKUP($D143,$D$10:$Y$100,I$131,FALSE)="*",1,0))),"") | J143: =IFERROR(IF(VLOOKUP($D143,$D$114:$Y$129,J$131,FALSE)=0,"",VLOOKUP($D143,$D$114:$Y$129,J$131,FALSE)-IF(VLOOKUP($D143,$D$10:$Y$100,J$131,FALSE)="**",2,IF(VLOOKUP($D143,$D$10:$Y$100,J$131,FALSE)="*",1,0))),"") | K143: =IFERROR(IF(VLOOKUP($D143,$D$114:$Y$129,K$131,FALSE)=0,"",VLOOKUP($D143,$D$114:$Y$129,K$131,FALSE)-IF(VLOOKUP($D143,$D$10:$Y$100,K$131,FALSE)="**",2,IF(VLOOKUP($D143,$D$10:$Y$100,K$131,FALSE)="*",1,0))),"") | L143: =IFERROR(IF(VLOOKUP($D143,$D$114:$Y$129,L$131,FALSE)=0,"",VLOOKUP($D143,$D$114:$Y$129,L$131,FALSE)-IF(VLOOKUP($D143,$D$10:$Y$100,L$131,FALSE)="**",2,IF(VLOOKUP($D143,$D$10:$Y$100,L$131,FALSE)="*",1,0))),"") | M143: =IFERROR(IF(VLOOKUP($D143,$D$114:$Y$129,M$131,FALSE)=0,"",VLOOKUP($D143,$D$114:$Y$129,M$131,FALSE)-IF(VLOOKUP($D143,$D$10:$Y$100,M$131,FALSE)="**",2,IF(VLOOKUP($D143,$D$10:$Y$100,M$131,FALSE)="*",1,0))),"") | N143: =IFERROR(IF(VLOOKUP($D143,$D$114:$Y$129,N$131,FALSE)=0,"",VLOOKUP($D143,$D$114:$Y$129,N$131,FALSE)-IF(VLOOKUP($D143,$D$10:$Y$100,N$131,FALSE)="**",2,IF(VLOOKUP($D143,$D$10:$Y$100,N$131,FALSE)="*",1,0))),"") | Q143: =IFERROR(IF(VLOOKUP($D143,$D$114:$Y$129,Q$131,FALSE)=0,"",VLOOKUP($D143,$D$114:$Y$129,Q$131,FALSE)-IF(VLOOKUP($D143,$D$10:$Y$100,Q$131,FALSE)="**",2,IF(VLOOKUP($D143,$D$10:$Y$100,Q$131,FALSE)="*",1,0))),"") | R143: =IFERROR(IF(VLOOKUP($D143,$D$114:$Y$129,R$131,FALSE)=0,"",VLOOKUP($D143,$D$114:$Y$129,R$131,FALSE)-IF(VLOOKUP($D143,$D$10:$Y$100,R$131,FALSE)="**",2,IF(VLOOKUP($D143,$D$10:$Y$100,R$131,FALSE)="*",1,0))),"") | S143: =IFERROR(IF(VLOOKUP($D143,$D$114:$Y$129,S$131,FALSE)=0,"",VLOOKUP($D143,$D$114:$Y$129,S$131,FALSE)-IF(VLOOKUP($D143,$D$10:$Y$100,S$131,FALSE)="**",2,IF(VLOOKUP($D143,$D$10:$Y$100,S$131,FALSE)="*",1,0))),"") | T143: =IFERROR(IF(VLOOKUP($D143,$D$114:$Y$129,T$131,FALSE)=0,"",VLOOKUP($D143,$D$114:$Y$129,T$131,FALSE)-IF(VLOOKUP($D143,$D$10:$Y$100,T$131,FALSE)="**",2,IF(VLOOKUP($D143,$D$10:$Y$100,T$131,FALSE)="*",1,0))),"") | U143: =IFERROR(IF(VLOOKUP($D143,$D$114:$Y$129,U$131,FALSE)=0,"",VLOOKUP($D143,$D$114:$Y$129,U$131,FALSE)-IF(VLOOKUP($D143,$D$10:$Y$100,U$131,FALSE)="**",2,IF(VLOOKUP($D143,$D$10:$Y$100,U$131,FALSE)="*",1,0))),"") | V143: =IFERROR(IF(VLOOKUP($D143,$D$114:$Y$129,V$131,FALSE)=0,"",VLOOKUP($D143,$D$114:$Y$129,V$131,FALSE)-IF(VLOOKUP($D143,$D$10:$Y$100,V$131,FALSE)="**",2,IF(VLOOKUP($D143,$D$10:$Y$100,V$131,FALSE)="*",1,0))),"") | W143: =IFERROR(IF(VLOOKUP($D143,$D$114:$Y$129,W$131,FALSE)=0,"",VLOOKUP($D143,$D$114:$Y$129,W$131,FALSE)-IF(VLOOKUP($D143,$D$10:$Y$100,W$131,FALSE)="**",2,IF(VLOOKUP($D143,$D$10:$Y$100,W$131,FALSE)="*",1,0))),"") | X143: =IFERROR(IF(VLOOKUP($D143,$D$114:$Y$129,X$131,FALSE)=0,"",VLOOKUP($D143,$D$114:$Y$129,X$131,FALSE)-IF(VLOOKUP($D143,$D$10:$Y$100,X$131,FALSE)="**",2,IF(VLOOKUP($D143,$D$10:$Y$100,X$131,FALSE)="*",1,0))),"") | Y143: =IFERROR(IF(VLOOKUP($D143,$D$114:$Y$129,Y$131,FALSE)=0,"",VLOOKUP($D143,$D$114:$Y$129,Y$131,FALSE)-IF(VLOOKUP($D143,$D$10:$Y$100,Y$131,FALSE)="**",2,IF(VLOOKUP($D143,$D$10:$Y$100,Y$131,FALSE)="*",1,0))),"") | AC143: =D143 | AD143: =IFERROR(AD142/$Z$153*COUNTIF($F$154:$Y$154,AC143),0) -> 0
E144: Y | F144: =IFERROR(IF(VLOOKUP($D144,$D$114:$Y$129,F$131,FALSE)=0,"",VLOOKUP($D144,$D$114:$Y$129,F$131,FALSE)-IF(VLOOKUP($D144,$D$10:$Y$100,F$131,FALSE)="**",2,IF(VLOOKUP($D144,$D$10:$Y$100,F$131,FALSE)="*",1,0))),"") | G144: =IFERROR(IF(VLOOKUP($D144,$D$114:$Y$129,G$131,FALSE)=0,"",VLOOKUP($D144,$D$114:$Y$129,G$131,FALSE)-IF(VLOOKUP($D144,$D$10:$Y$100,G$131,FALSE)="**",2,IF(VLOOKUP($D144,$D$10:$Y$100,G$131,FALSE)="*",1,0))),"") | H144: =IFERROR(IF(VLOOKUP($D144,$D$114:$Y$129,H$131,FALSE)=0,"",VLOOKUP($D144,$D$114:$Y$129,H$131,FALSE)-IF(VLOOKUP($D144,$D$10:$Y$100,H$131,FALSE)="**",2,IF(VLOOKUP($D144,$D$10:$Y$100,H$131,FALSE)="*",1,0))),"") | I144: =IFERROR(IF(VLOOKUP($D144,$D$114:$Y$129,I$131,FALSE)=0,"",VLOOKUP($D144,$D$114:$Y$129,I$131,FALSE)-IF(VLOOKUP($D144,$D$10:$Y$100,I$131,FALSE)="**",2,IF(VLOOKUP($D144,$D$10:$Y$100,I$131,FALSE)="*",1,0))),"") | J144: =IFERROR(IF(VLOOKUP($D144,$D$114:$Y$129,J$131,FALSE)=0,"",VLOOKUP($D144,$D$114:$Y$129,J$131,FALSE)-IF(VLOOKUP($D144,$D$10:$Y$100,J$131,FALSE)="**",2,IF(VLOOKUP($D144,$D$10:$Y$100,J$131,FALSE)="*",1,0))),"") | K144: =IFERROR(IF(VLOOKUP($D144,$D$114:$Y$129,K$131,FALSE)=0,"",VLOOKUP($D144,$D$114:$Y$129,K$131,FALSE)-IF(VLOOKUP($D144,$D$10:$Y$100,K$131,FALSE)="**",2,IF(VLOOKUP($D144,$D$10:$Y$100,K$131,FALSE)="*",1,0))),"") | L144: =IFERROR(IF(VLOOKUP($D144,$D$114:$Y$129,L$131,FALSE)=0,"",VLOOKUP($D144,$D$114:$Y$129,L$131,FALSE)-IF(VLOOKUP($D144,$D$10:$Y$100,L$131,FALSE)="**",2,IF(VLOOKUP($D144,$D$10:$Y$100,L$131,FALSE)="*",1,0))),"") | M144: =IFERROR(IF(VLOOKUP($D144,$D$114:$Y$129,M$131,FALSE)=0,"",VLOOKUP($D144,$D$114:$Y$129,M$131,FALSE)-IF(VLOOKUP($D144,$D$10:$Y$100,M$131,FALSE)="**",2,IF(VLOOKUP($D144,$D$10:$Y$100,M$131,FALSE)="*",1,0))),"") | N144: =IFERROR(IF(VLOOKUP($D144,$D$114:$Y$129,N$131,FALSE)=0,"",VLOOKUP($D144,$D$114:$Y$129,N$131,FALSE)-IF(VLOOKUP($D144,$D$10:$Y$100,N$131,FALSE)="**",2,IF(VLOOKUP($D144,$D$10:$Y$100,N$131,FALSE)="*",1,0))),"") | Q144: =IFERROR(IF(VLOOKUP($D144,$D$114:$Y$129,Q$131,FALSE)=0,"",VLOOKUP($D144,$D$114:$Y$129,Q$131,FALSE)-IF(VLOOKUP($D144,$D$10:$Y$100,Q$131,FALSE)="**",2,IF(VLOOKUP($D144,$D$10:$Y$100,Q$131,FALSE)="*",1,0))),"") | R144: =IFERROR(IF(VLOOKUP($D144,$D$114:$Y$129,R$131,FALSE)=0,"",VLOOKUP($D144,$D$114:$Y$129,R$131,FALSE)-IF(VLOOKUP($D144,$D$10:$Y$100,R$131,FALSE)="**",2,IF(VLOOKUP($D144,$D$10:$Y$100,R$131,FALSE)="*",1,0))),"") | S144: =IFERROR(IF(VLOOKUP($D144,$D$114:$Y$129,S$131,FALSE)=0,"",VLOOKUP($D144,$D$114:$Y$129,S$131,FALSE)-IF(VLOOKUP($D144,$D$10:$Y$100,S$131,FALSE)="**",2,IF(VLOOKUP($D144,$D$10:$Y$100,S$131,FALSE)="*",1,0))),"") | T144: =IFERROR(IF(VLOOKUP($D144,$D$114:$Y$129,T$131,FALSE)=0,"",VLOOKUP($D144,$D$114:$Y$129,T$131,FALSE)-IF(VLOOKUP($D144,$D$10:$Y$100,T$131,FALSE)="**",2,IF(VLOOKUP($D144,$D$10:$Y$100,T$131,FALSE)="*",1,0))),"") | U144: =IFERROR(IF(VLOOKUP($D144,$D$114:$Y$129,U$131,FALSE)=0,"",VLOOKUP($D144,$D$114:$Y$129,U$131,FALSE)-IF(VLOOKUP($D144,$D$10:$Y$100,U$131,FALSE)="**",2,IF(VLOOKUP($D144,$D$10:$Y$100,U$131,FALSE)="*",1,0))),"") | V144: =IFERROR(IF(VLOOKUP($D144,$D$114:$Y$129,V$131,FALSE)=0,"",VLOOKUP($D144,$D$114:$Y$129,V$131,FALSE)-IF(VLOOKUP($D144,$D$10:$Y$100,V$131,FALSE)="**",2,IF(VLOOKUP($D144,$D$10:$Y$100,V$131,FALSE)="*",1,0))),"") | W144: =IFERROR(IF(VLOOKUP($D144,$D$114:$Y$129,W$131,FALSE)=0,"",VLOOKUP($D144,$D$114:$Y$129,W$131,FALSE)-IF(VLOOKUP($D144,$D$10:$Y$100,W$131,FALSE)="**",2,IF(VLOOKUP($D144,$D$10:$Y$100,W$131,FALSE)="*",1,0))),"") | X144: =IFERROR(IF(VLOOKUP($D144,$D$114:$Y$129,X$131,FALSE)=0,"",VLOOKUP($D144,$D$114:$Y$129,X$131,FALSE)-IF(VLOOKUP($D144,$D$10:$Y$100,X$131,FALSE)="**",2,IF(VLOOKUP($D144,$D$10:$Y$100,X$131,FALSE)="*",1,0))),"") | Y144: =IFERROR(IF(VLOOKUP($D144,$D$114:$Y$129,Y$131,FALSE)=0,"",VLOOKUP($D144,$D$114:$Y$129,Y$131,FALSE)-IF(VLOOKUP($D144,$D$10:$Y$100,Y$131,FALSE)="**",2,IF(VLOOKUP($D144,$D$10:$Y$100,Y$131,FALSE)="*",1,0))),"") | AC144: =D144 | AD144: =IFERROR(AD143/$Z$153*COUNTIF($F$154:$Y$154,AC144),0) -> 0
E145: Y | F145: =IFERROR(IF(VLOOKUP($D145,$D$114:$Y$129,F$131,FALSE)=0,"",VLOOKUP($D145,$D$114:$Y$129,F$131,FALSE)-IF(VLOOKUP($D145,$D$10:$Y$100,F$131,FALSE)="**",2,IF(VLOOKUP($D145,$D$10:$Y$100,F$131,FALSE)="*",1,0))),"") | G145: =IFERROR(IF(VLOOKUP($D145,$D$114:$Y$129,G$131,FALSE)=0,"",VLOOKUP($D145,$D$114:$Y$129,G$131,FALSE)-IF(VLOOKUP($D145,$D$10:$Y$100,G$131,FALSE)="**",2,IF(VLOOKUP($D145,$D$10:$Y$100,G$131,FALSE)="*",1,0))),"") | H145: =IFERROR(IF(VLOOKUP($D145,$D$114:$Y$129,H$131,FALSE)=0,"",VLOOKUP($D145,$D$114:$Y$129,H$131,FALSE)-IF(VLOOKUP($D145,$D$10:$Y$100,H$131,FALSE)="**",2,IF(VLOOKUP($D145,$D$10:$Y$100,H$131,FALSE)="*",1,0))),"") | I145: =IFERROR(IF(VLOOKUP($D145,$D$114:$Y$129,I$131,FALSE)=0,"",VLOOKUP($D145,$D$114:$Y$129,I$131,FALSE)-IF(VLOOKUP($D145,$D$10:$Y$100,I$131,FALSE)="**",2,IF(VLOOKUP($D145,$D$10:$Y$100,I$131,FALSE)="*",1,0))),"") | J145: =IFERROR(IF(VLOOKUP($D145,$D$114:$Y$129,J$131,FALSE)=0,"",VLOOKUP($D145,$D$114:$Y$129,J$131,FALSE)-IF(VLOOKUP($D145,$D$10:$Y$100,J$131,FALSE)="**",2,IF(VLOOKUP($D145,$D$10:$Y$100,J$131,FALSE)="*",1,0))),"") | K145: =IFERROR(IF(VLOOKUP($D145,$D$114:$Y$129,K$131,FALSE)=0,"",VLOOKUP($D145,$D$114:$Y$129,K$131,FALSE)-IF(VLOOKUP($D145,$D$10:$Y$100,K$131,FALSE)="**",2,IF(VLOOKUP($D145,$D$10:$Y$100,K$131,FALSE)="*",1,0))),"") | L145: =IFERROR(IF(VLOOKUP($D145,$D$114:$Y$129,L$131,FALSE)=0,"",VLOOKUP($D145,$D$114:$Y$129,L$131,FALSE)-IF(VLOOKUP($D145,$D$10:$Y$100,L$131,FALSE)="**",2,IF(VLOOKUP($D145,$D$10:$Y$100,L$131,FALSE)="*",1,0))),"") | M145: =IFERROR(IF(VLOOKUP($D145,$D$114:$Y$129,M$131,FALSE)=0,"",VLOOKUP($D145,$D$114:$Y$129,M$131,FALSE)-IF(VLOOKUP($D145,$D$10:$Y$100,M$131,FALSE)="**",2,IF(VLOOKUP($D145,$D$10:$Y$100,M$131,FALSE)="*",1,0))),"") | N145: =IFERROR(IF(VLOOKUP($D145,$D$114:$Y$129,N$131,FALSE)=0,"",VLOOKUP($D145,$D$114:$Y$129,N$131,FALSE)-IF(VLOOKUP($D145,$D$10:$Y$100,N$131,FALSE)="**",2,IF(VLOOKUP($D145,$D$10:$Y$100,N$131,FALSE)="*",1,0))),"") | Q145: =IFERROR(IF(VLOOKUP($D145,$D$114:$Y$129,Q$131,FALSE)=0,"",VLOOKUP($D145,$D$114:$Y$129,Q$131,FALSE)-IF(VLOOKUP($D145,$D$10:$Y$100,Q$131,FALSE)="**",2,IF(VLOOKUP($D145,$D$10:$Y$100,Q$131,FALSE)="*",1,0))),"") | R145: =IFERROR(IF(VLOOKUP($D145,$D$114:$Y$129,R$131,FALSE)=0,"",VLOOKUP($D145,$D$114:$Y$129,R$131,FALSE)-IF(VLOOKUP($D145,$D$10:$Y$100,R$131,FALSE)="**",2,IF(VLOOKUP($D145,$D$10:$Y$100,R$131,FALSE)="*",1,0))),"") | S145: =IFERROR(IF(VLOOKUP($D145,$D$114:$Y$129,S$131,FALSE)=0,"",VLOOKUP($D145,$D$114:$Y$129,S$131,FALSE)-IF(VLOOKUP($D145,$D$10:$Y$100,S$131,FALSE)="**",2,IF(VLOOKUP($D145,$D$10:$Y$100,S$131,FALSE)="*",1,0))),"") | T145: =IFERROR(IF(VLOOKUP($D145,$D$114:$Y$129,T$131,FALSE)=0,"",VLOOKUP($D145,$D$114:$Y$129,T$131,FALSE)-IF(VLOOKUP($D145,$D$10:$Y$100,T$131,FALSE)="**",2,IF(VLOOKUP($D145,$D$10:$Y$100,T$131,FALSE)="*",1,0))),"") | U145: =IFERROR(IF(VLOOKUP($D145,$D$114:$Y$129,U$131,FALSE)=0,"",VLOOKUP($D145,$D$114:$Y$129,U$131,FALSE)-IF(VLOOKUP($D145,$D$10:$Y$100,U$131,FALSE)="**",2,IF(VLOOKUP($D145,$D$10:$Y$100,U$131,FALSE)="*",1,0))),"") | V145: =IFERROR(IF(VLOOKUP($D145,$D$114:$Y$129,V$131,FALSE)=0,"",VLOOKUP($D145,$D$114:$Y$129,V$131,FALSE)-IF(VLOOKUP($D145,$D$10:$Y$100,V$131,FALSE)="**",2,IF(VLOOKUP($D145,$D$10:$Y$100,V$131,FALSE)="*",1,0))),"") | W145: =IFERROR(IF(VLOOKUP($D145,$D$114:$Y$129,W$131,FALSE)=0,"",VLOOKUP($D145,$D$114:$Y$129,W$131,FALSE)-IF(VLOOKUP($D145,$D$10:$Y$100,W$131,FALSE)="**",2,IF(VLOOKUP($D145,$D$10:$Y$100,W$131,FALSE)="*",1,0))),"") | X145: =IFERROR(IF(VLOOKUP($D145,$D$114:$Y$129,X$131,FALSE)=0,"",VLOOKUP($D145,$D$114:$Y$129,X$131,FALSE)-IF(VLOOKUP($D145,$D$10:$Y$100,X$131,FALSE)="**",2,IF(VLOOKUP($D145,$D$10:$Y$100,X$131,FALSE)="*",1,0))),"") | Y145: =IFERROR(IF(VLOOKUP($D145,$D$114:$Y$129,Y$131,FALSE)=0,"",VLOOKUP($D145,$D$114:$Y$129,Y$131,FALSE)-IF(VLOOKUP($D145,$D$10:$Y$100,Y$131,FALSE)="**",2,IF(VLOOKUP($D145,$D$10:$Y$100,Y$131,FALSE)="*",1,0))),"") | AC145: =D145 | AD145: =IFERROR(AD144/$Z$153*COUNTIF($F$154:$Y$154,AC145),0) -> 0
E146: Y | F146: =IFERROR(IF(VLOOKUP($D146,$D$114:$Y$129,F$131,FALSE)=0,"",VLOOKUP($D146,$D$114:$Y$129,F$131,FALSE)-IF(VLOOKUP($D146,$D$10:$Y$100,F$131,FALSE)="**",2,IF(VLOOKUP($D146,$D$10:$Y$100,F$131,FALSE)="*",1,0))),"") | G146: =IFERROR(IF(VLOOKUP($D146,$D$114:$Y$129,G$131,FALSE)=0,"",VLOOKUP($D146,$D$114:$Y$129,G$131,FALSE)-IF(VLOOKUP($D146,$D$10:$Y$100,G$131,FALSE)="**",2,IF(VLOOKUP($D146,$D$10:$Y$100,G$131,FALSE)="*",1,0))),"") | H146: =IFERROR(IF(VLOOKUP($D146,$D$114:$Y$129,H$131,FALSE)=0,"",VLOOKUP($D146,$D$114:$Y$129,H$131,FALSE)-IF(VLOOKUP($D146,$D$10:$Y$100,H$131,FALSE)="**",2,IF(VLOOKUP($D146,$D$10:$Y$100,H$131,FALSE)="*",1,0))),"") | I146: =IFERROR(IF(VLOOKUP($D146,$D$114:$Y$129,I$131,FALSE)=0,"",VLOOKUP($D146,$D$114:$Y$129,I$131,FALSE)-IF(VLOOKUP($D146,$D$10:$Y$100,I$131,FALSE)="**",2,IF(VLOOKUP($D146,$D$10:$Y$100,I$131,FALSE)="*",1,0))),"") | J146: =IFERROR(IF(VLOOKUP($D146,$D$114:$Y$129,J$131,FALSE)=0,"",VLOOKUP($D146,$D$114:$Y$129,J$131,FALSE)-IF(VLOOKUP($D146,$D$10:$Y$100,J$131,FALSE)="**",2,IF(VLOOKUP($D146,$D$10:$Y$100,J$131,FALSE)="*",1,0))),"") | K146: =IFERROR(IF(VLOOKUP($D146,$D$114:$Y$129,K$131,FALSE)=0,"",VLOOKUP($D146,$D$114:$Y$129,K$131,FALSE)-IF(VLOOKUP($D146,$D$10:$Y$100,K$131,FALSE)="**",2,IF(VLOOKUP($D146,$D$10:$Y$100,K$131,FALSE)="*",1,0))),"") | L146: =IFERROR(IF(VLOOKUP($D146,$D$114:$Y$129,L$131,FALSE)=0,"",VLOOKUP($D146,$D$114:$Y$129,L$131,FALSE)-IF(VLOOKUP($D146,$D$10:$Y$100,L$131,FALSE)="**",2,IF(VLOOKUP($D146,$D$10:$Y$100,L$131,FALSE)="*",1,0))),"") | M146: =IFERROR(IF(VLOOKUP($D146,$D$114:$Y$129,M$131,FALSE)=0,"",VLOOKUP($D146,$D$114:$Y$129,M$131,FALSE)-IF(VLOOKUP($D146,$D$10:$Y$100,M$131,FALSE)="**",2,IF(VLOOKUP($D146,$D$10:$Y$100,M$131,FALSE)="*",1,0))),"") | N146: =IFERROR(IF(VLOOKUP($D146,$D$114:$Y$129,N$131,FALSE)=0,"",VLOOKUP($D146,$D$114:$Y$129,N$131,FALSE)-IF(VLOOKUP($D146,$D$10:$Y$100,N$131,FALSE)="**",2,IF(VLOOKUP($D146,$D$10:$Y$100,N$131,FALSE)="*",1,0))),"") | Q146: =IFERROR(IF(VLOOKUP($D146,$D$114:$Y$129,Q$131,FALSE)=0,"",VLOOKUP($D146,$D$114:$Y$129,Q$131,FALSE)-IF(VLOOKUP($D146,$D$10:$Y$100,Q$131,FALSE)="**",2,IF(VLOOKUP($D146,$D$10:$Y$100,Q$131,FALSE)="*",1,0))),"") | R146: =IFERROR(IF(VLOOKUP($D146,$D$114:$Y$129,R$131,FALSE)=0,"",VLOOKUP($D146,$D$114:$Y$129,R$131,FALSE)-IF(VLOOKUP($D146,$D$10:$Y$100,R$131,FALSE)="**",2,IF(VLOOKUP($D146,$D$10:$Y$100,R$131,FALSE)="*",1,0))),"") | S146: =IFERROR(IF(VLOOKUP($D146,$D$114:$Y$129,S$131,FALSE)=0,"",VLOOKUP($D146,$D$114:$Y$129,S$131,FALSE)-IF(VLOOKUP($D146,$D$10:$Y$100,S$131,FALSE)="**",2,IF(VLOOKUP($D146,$D$10:$Y$100,S$131,FALSE)="*",1,0))),"") | T146: =IFERROR(IF(VLOOKUP($D146,$D$114:$Y$129,T$131,FALSE)=0,"",VLOOKUP($D146,$D$114:$Y$129,T$131,FALSE)-IF(VLOOKUP($D146,$D$10:$Y$100,T$131,FALSE)="**",2,IF(VLOOKUP($D146,$D$10:$Y$100,T$131,FALSE)="*",1,0))),"") | U146: =IFERROR(IF(VLOOKUP($D146,$D$114:$Y$129,U$131,FALSE)=0,"",VLOOKUP($D146,$D$114:$Y$129,U$131,FALSE)-IF(VLOOKUP($D146,$D$10:$Y$100,U$131,FALSE)="**",2,IF(VLOOKUP($D146,$D$10:$Y$100,U$131,FALSE)="*",1,0))),"") | V146: =IFERROR(IF(VLOOKUP($D146,$D$114:$Y$129,V$131,FALSE)=0,"",VLOOKUP($D146,$D$114:$Y$129,V$131,FALSE)-IF(VLOOKUP($D146,$D$10:$Y$100,V$131,FALSE)="**",2,IF(VLOOKUP($D146,$D$10:$Y$100,V$131,FALSE)="*",1,0))),"") | W146: =IFERROR(IF(VLOOKUP($D146,$D$114:$Y$129,W$131,FALSE)=0,"",VLOOKUP($D146,$D$114:$Y$129,W$131,FALSE)-IF(VLOOKUP($D146,$D$10:$Y$100,W$131,FALSE)="**",2,IF(VLOOKUP($D146,$D$10:$Y$100,W$131,FALSE)="*",1,0))),"") | X146: =IFERROR(IF(VLOOKUP($D146,$D$114:$Y$129,X$131,FALSE)=0,"",VLOOKUP($D146,$D$114:$Y$129,X$131,FALSE)-IF(VLOOKUP($D146,$D$10:$Y$100,X$131,FALSE)="**",2,IF(VLOOKUP($D146,$D$10:$Y$100,X$131,FALSE)="*",1,0))),"") | Y146: =IFERROR(IF(VLOOKUP($D146,$D$114:$Y$129,Y$131,FALSE)=0,"",VLOOKUP($D146,$D$114:$Y$129,Y$131,FALSE)-IF(VLOOKUP($D146,$D$10:$Y$100,Y$131,FALSE)="**",2,IF(VLOOKUP($D146,$D$10:$Y$100,Y$131,FALSE)="*",1,0))),"") | AC146: =D146 | AD146: =IFERROR(AD145/$Z$153*COUNTIF($F$154:$Y$154,AC146),0) -> 0
E147: Y | F147: =IFERROR(IF(VLOOKUP($D147,$D$114:$Y$129,F$131,FALSE)=0,"",VLOOKUP($D147,$D$114:$Y$129,F$131,FALSE)-IF(VLOOKUP($D147,$D$10:$Y$100,F$131,FALSE)="**",2,IF(VLOOKUP($D147,$D$10:$Y$100,F$131,FALSE)="*",1,0))),"") | G147: =IFERROR(IF(VLOOKUP($D147,$D$114:$Y$129,G$131,FALSE)=0,"",VLOOKUP($D147,$D$114:$Y$129,G$131,FALSE)-IF(VLOOKUP($D147,$D$10:$Y$100,G$131,FALSE)="**",2,IF(VLOOKUP($D147,$D$10:$Y$100,G$131,FALSE)="*",1,0))),"") | H147: =IFERROR(IF(VLOOKUP($D147,$D$114:$Y$129,H$131,FALSE)=0,"",VLOOKUP($D147,$D$114:$Y$129,H$131,FALSE)-IF(VLOOKUP($D147,$D$10:$Y$100,H$131,FALSE)="**",2,IF(VLOOKUP($D147,$D$10:$Y$100,H$131,FALSE)="*",1,0))),"") | I147: =IFERROR(IF(VLOOKUP($D147,$D$114:$Y$129,I$131,FALSE)=0,"",VLOOKUP($D147,$D$114:$Y$129,I$131,FALSE)-IF(VLOOKUP($D147,$D$10:$Y$100,I$131,FALSE)="**",2,IF(VLOOKUP($D147,$D$10:$Y$100,I$131,FALSE)="*",1,0))),"") | J147: =IFERROR(IF(VLOOKUP($D147,$D$114:$Y$129,J$131,FALSE)=0,"",VLOOKUP($D147,$D$114:$Y$129,J$131,FALSE)-IF(VLOOKUP($D147,$D$10:$Y$100,J$131,FALSE)="**",2,IF(VLOOKUP($D147,$D$10:$Y$100,J$131,FALSE)="*",1,0))),"") | K147: =IFERROR(IF(VLOOKUP($D147,$D$114:$Y$129,K$131,FALSE)=0,"",VLOOKUP($D147,$D$114:$Y$129,K$131,FALSE)-IF(VLOOKUP($D147,$D$10:$Y$100,K$131,FALSE)="**",2,IF(VLOOKUP($D147,$D$10:$Y$100,K$131,FALSE)="*",1,0))),"") | L147: =IFERROR(IF(VLOOKUP($D147,$D$114:$Y$129,L$131,FALSE)=0,"",VLOOKUP($D147,$D$114:$Y$129,L$131,FALSE)-IF(VLOOKUP($D147,$D$10:$Y$100,L$131,FALSE)="**",2,IF(VLOOKUP($D147,$D$10:$Y$100,L$131,FALSE)="*",1,0))),"") | M147: =IFERROR(IF(VLOOKUP($D147,$D$114:$Y$129,M$131,FALSE)=0,"",VLOOKUP($D147,$D$114:$Y$129,M$131,FALSE)-IF(VLOOKUP($D147,$D$10:$Y$100,M$131,FALSE)="**",2,IF(VLOOKUP($D147,$D$10:$Y$100,M$131,FALSE)="*",1,0))),"") | N147: =IFERROR(IF(VLOOKUP($D147,$D$114:$Y$129,N$131,FALSE)=0,"",VLOOKUP($D147,$D$114:$Y$129,N$131,FALSE)-IF(VLOOKUP($D147,$D$10:$Y$100,N$131,FALSE)="**",2,IF(VLOOKUP($D147,$D$10:$Y$100,N$131,FALSE)="*",1,0))),"") | Q147: =IFERROR(IF(VLOOKUP($D147,$D$114:$Y$129,Q$131,FALSE)=0,"",VLOOKUP($D147,$D$114:$Y$129,Q$131,FALSE)-IF(VLOOKUP($D147,$D$10:$Y$100,Q$131,FALSE)="**",2,IF(VLOOKUP($D147,$D$10:$Y$100,Q$131,FALSE)="*",1,0))),"") | R147: =IFERROR(IF(VLOOKUP($D147,$D$114:$Y$129,R$131,FALSE)=0,"",VLOOKUP($D147,$D$114:$Y$129,R$131,FALSE)-IF(VLOOKUP($D147,$D$10:$Y$100,R$131,FALSE)="**",2,IF(VLOOKUP($D147,$D$10:$Y$100,R$131,FALSE)="*",1,0))),"") | S147: =IFERROR(IF(VLOOKUP($D147,$D$114:$Y$129,S$131,FALSE)=0,"",VLOOKUP($D147,$D$114:$Y$129,S$131,FALSE)-IF(VLOOKUP($D147,$D$10:$Y$100,S$131,FALSE)="**",2,IF(VLOOKUP($D147,$D$10:$Y$100,S$131,FALSE)="*",1,0))),"") | T147: =IFERROR(IF(VLOOKUP($D147,$D$114:$Y$129,T$131,FALSE)=0,"",VLOOKUP($D147,$D$114:$Y$129,T$131,FALSE)-IF(VLOOKUP($D147,$D$10:$Y$100,T$131,FALSE)="**",2,IF(VLOOKUP($D147,$D$10:$Y$100,T$131,FALSE)="*",1,0))),"") | U147: =IFERROR(IF(VLOOKUP($D147,$D$114:$Y$129,U$131,FALSE)=0,"",VLOOKUP($D147,$D$114:$Y$129,U$131,FALSE)-IF(VLOOKUP($D147,$D$10:$Y$100,U$131,FALSE)="**",2,IF(VLOOKUP($D147,$D$10:$Y$100,U$131,FALSE)="*",1,0))),"") | V147: =IFERROR(IF(VLOOKUP($D147,$D$114:$Y$129,V$131,FALSE)=0,"",VLOOKUP($D147,$D$114:$Y$129,V$131,FALSE)-IF(VLOOKUP($D147,$D$10:$Y$100,V$131,FALSE)="**",2,IF(VLOOKUP($D147,$D$10:$Y$100,V$131,FALSE)="*",1,0))),"") | W147: =IFERROR(IF(VLOOKUP($D147,$D$114:$Y$129,W$131,FALSE)=0,"",VLOOKUP($D147,$D$114:$Y$129,W$131,FALSE)-IF(VLOOKUP($D147,$D$10:$Y$100,W$131,FALSE)="**",2,IF(VLOOKUP($D147,$D$10:$Y$100,W$131,FALSE)="*",1,0))),"") | X147: =IFERROR(IF(VLOOKUP($D147,$D$114:$Y$129,X$131,FALSE)=0,"",VLOOKUP($D147,$D$114:$Y$129,X$131,FALSE)-IF(VLOOKUP($D147,$D$10:$Y$100,X$131,FALSE)="**",2,IF(VLOOKUP($D147,$D$10:$Y$100,X$131,FALSE)="*",1,0))),"") | Y147: =IFERROR(IF(VLOOKUP($D147,$D$114:$Y$129,Y$131,FALSE)=0,"",VLOOKUP($D147,$D$114:$Y$129,Y$131,FALSE)-IF(VLOOKUP($D147,$D$10:$Y$100,Y$131,FALSE)="**",2,IF(VLOOKUP($D147,$D$10:$Y$100,Y$131,FALSE)="*",1,0))),"") | AC147: =D147 | AD147: =IFERROR(AD146/$Z$153*COUNTIF($F$154:$Y$154,AC147),0) -> 0
... E149: Y | F149: =IFERROR(IF(VLOOKUP($D149,$D$114:$Y$129,F$131,FALSE)=0,"",VLOOKUP($D149,$D$114:$Y$129,F$131,FALSE)-IF(VLOOKUP($D149,$D$10:$Y$100,F$131,FALSE)="**",2,IF(VLOOKUP($D149,$D$10:$Y$100,F$131,FALSE)="*",1,0))),"") | G149: =IFERROR(IF(VLOOKUP($D149,$D$114:$Y$129,G$131,FALSE)=0,"",VLOOKUP($D149,$D$114:$Y$129,G$131,FALSE)-IF(VLOOKUP($D149,$D$10:$Y$100,G$131,FALSE)="**",2,IF(VLOOKUP($D149,$D$10:$Y$100,G$131,FALSE)="*",1,0))),"") | H149: =IFERROR(IF(VLOOKUP($D149,$D$114:$Y$129,H$131,FALSE)=0,"",VLOOKUP($D149,$D$114:$Y$129,H$131,FALSE)-IF(VLOOKUP($D149,$D$10:$Y$100,H$131,FALSE)="**",2,IF(VLOOKUP($D149,$D$10:$Y$100,H$131,FALSE)="*",1,0))),"") | I149: =IFERROR(IF(VLOOKUP($D149,$D$114:$Y$129,I$131,FALSE)=0,"",VLOOKUP($D149,$D$114:$Y$129,I$131,FALSE)-IF(VLOOKUP($D149,$D$10:$Y$100,I$131,FALSE)="**",2,IF(VLOOKUP($D149,$D$10:$Y$100,I$131,FALSE)="*",1,0))),"") | J149: =IFERROR(IF(VLOOKUP($D149,$D$114:$Y$129,J$131,FALSE)=0,"",VLOOKUP($D149,$D$114:$Y$129,J$131,FALSE)-IF(VLOOKUP($D149,$D$10:$Y$100,J$131,FALSE)="**",2,IF(VLOOKUP($D149,$D$10:$Y$100,J$131,FALSE)="*",1,0))),"") | K149: =IFERROR(IF(VLOOKUP($D149,$D$114:$Y$129,K$131,FALSE)=0,"",VLOOKUP($D149,$D$114:$Y$129,K$131,FALSE)-IF(VLOOKUP($D149,$D$10:$Y$100,K$131,FALSE)="**",2,IF(VLOOKUP($D149,$D$10:$Y$100,K$131,FALSE)="*",1,0))),"") | L149: =IFERROR(IF(VLOOKUP($D149,$D$114:$Y$129,L$131,FALSE)=0,"",VLOOKUP($D149,$D$114:$Y$129,L$131,FALSE)-IF(VLOOKUP($D149,$D$10:$Y$100,L$131,FALSE)="**",2,IF(VLOOKUP($D149,$D$10:$Y$100,L$131,FALSE)="*",1,0))),"") | M149: =IFERROR(IF(VLOOKUP($D149,$D$114:$Y$129,M$131,FALSE)=0,"",VLOOKUP($D149,$D$114:$Y$129,M$131,FALSE)-IF(VLOOKUP($D149,$D$10:$Y$100,M$131,FALSE)="**",2,IF(VLOOKUP($D149,$D$10:$Y$100,M$131,FALSE)="*",1,0))),"") | N149: =IFERROR(IF(VLOOKUP($D149,$D$114:$Y$129,N$131,FALSE)=0,"",VLOOKUP($D149,$D$114:$Y$129,N$131,FALSE)-IF(VLOOKUP($D149,$D$10:$Y$100,N$131,FALSE)="**",2,IF(VLOOKUP($D149,$D$10:$Y$100,N$131,FALSE)="*",1,0))),"") | Q149: =IFERROR(IF(VLOOKUP($D149,$D$114:$Y$129,Q$131,FALSE)=0,"",VLOOKUP($D149,$D$114:$Y$129,Q$131,FALSE)-IF(VLOOKUP($D149,$D$10:$Y$100,Q$131,FALSE)="**",2,IF(VLOOKUP($D149,$D$10:$Y$100,Q$131,FALSE)="*",1,0))),"") | R149: =IFERROR(IF(VLOOKUP($D149,$D$114:$Y$129,R$131,FALSE)=0,"",VLOOKUP($D149,$D$114:$Y$129,R$131,FALSE)-IF(VLOOKUP($D149,$D$10:$Y$100,R$131,FALSE)="**",2,IF(VLOOKUP($D149,$D$10:$Y$100,R$131,FALSE)="*",1,0))),"") | S149: =IFERROR(IF(VLOOKUP($D149,$D$114:$Y$129,S$131,FALSE)=0,"",VLOOKUP($D149,$D$114:$Y$129,S$131,FALSE)-IF(VLOOKUP($D149,$D$10:$Y$100,S$131,FALSE)="**",2,IF(VLOOKUP($D149,$D$10:$Y$100,S$131,FALSE)="*",1,0))),"") | T149: =IFERROR(IF(VLOOKUP($D149,$D$114:$Y$129,T$131,FALSE)=0,"",VLOOKUP($D149,$D$114:$Y$129,T$131,FALSE)-IF(VLOOKUP($D149,$D$10:$Y$100,T$131,FALSE)="**",2,IF(VLOOKUP($D149,$D$10:$Y$100,T$131,FALSE)="*",1,0))),"") | U149: =IFERROR(IF(VLOOKUP($D149,$D$114:$Y$129,U$131,FALSE)=0,"",VLOOKUP($D149,$D$114:$Y$129,U$131,FALSE)-IF(VLOOKUP($D149,$D$10:$Y$100,U$131,FALSE)="**",2,IF(VLOOKUP($D149,$D$10:$Y$100,U$131,FALSE)="*",1,0))),"") | V149: =IFERROR(IF(VLOOKUP($D149,$D$114:$Y$129,V$131,FALSE)=0,"",VLOOKUP($D149,$D$114:$Y$129,V$131,FALSE)-IF(VLOOKUP($D149,$D$10:$Y$100,V$131,FALSE)="**",2,IF(VLOOKUP($D149,$D$10:$Y$100,V$131,FALSE)="*",1,0))),"") | W149: =IFERROR(IF(VLOOKUP($D149,$D$114:$Y$129,W$131,FALSE)=0,"",VLOOKUP($D149,$D$114:$Y$129,W$131,FALSE)-IF(VLOOKUP($D149,$D$10:$Y$100,W$131,FALSE)="**",2,IF(VLOOKUP($D149,$D$10:$Y$100,W$131,FALSE)="*",1,0))),"") | X149: =IFERROR(IF(VLOOKUP($D149,$D$114:$Y$129,X$131,FALSE)=0,"",VLOOKUP($D149,$D$114:$Y$129,X$131,FALSE)-IF(VLOOKUP($D149,$D$10:$Y$100,X$131,FALSE)="**",2,IF(VLOOKUP($D149,$D$10:$Y$100,X$131,FALSE)="*",1,0))),"") | Y149: =IFERROR(IF(VLOOKUP($D149,$D$114:$Y$129,Y$131,FALSE)=0,"",VLOOKUP($D149,$D$114:$Y$129,Y$131,FALSE)-IF(VLOOKUP($D149,$D$10:$Y$100,Y$131,FALSE)="**",2,IF(VLOOKUP($D149,$D$10:$Y$100,Y$131,FALSE)="*",1,0))),"") | AC149: =D149 | AD149: =IFERROR(AD148/$Z$153*COUNTIF($F$154:$Y$154,AC149),0) -> 0
D151: Skin Score | F151: =_xludf.MINIFS(F$134:F$149,F$134:F$149,">0") -> #NAME? | G151: =_xludf.MINIFS(G$134:G$149,G$134:G$149,">0") -> #NAME? | H151: =_xludf.MINIFS(H$134:H$149,H$134:H$149,">0") -> #NAME? | I151: =_xludf.MINIFS(I$134:I$149,I$134:I$149,">0") -> #NAME? | J151: =_xludf.MINIFS(J$134:J$149,J$134:J$149,">0") -> #NAME? | K151: =_xludf.MINIFS(K$134:K$149,K$134:K$149,">0") -> #NAME? | L151: =_xludf.MINIFS(L$134:L$149,L$134:L$149,">0") -> #NAME? | M151: =_xludf.MINIFS(M$134:M$149,M$134:M$149,">0") -> #NAME? | N151: =_xludf.MINIFS(N$134:N$149,N$134:N$149,">0") -> #NAME? | Q151: =_xludf.MINIFS(Q$134:Q$149,Q$134:Q$149,">0") -> #NAME? | R151: =_xludf.MINIFS(R$134:R$149,R$134:R$149,">0") -> #NAME? | S151: =_xludf.MINIFS(S$134:S$149,S$134:S$149,">0") -> #NAME? | T151: =_xludf.MINIFS(T$134:T$149,T$134:T$149,">0") -> #NAME? | U151: =_xludf.MINIFS(U$134:U$149,U$134:U$149,">0") -> #NAME? | V151: =_xludf.MINIFS(V$134:V$149,V$134:V$149,">0") -> #NAME? | W151: =_xludf.MINIFS(W$134:W$149,W$134:W$149,">0") -> #NAME? | X151: =_xludf.MINIFS(X$134:X$149,X$134:X$149,">0") -> #NAME? | Y151: =_xludf.MINIFS(Y$134:Y$149,Y$134:Y$149,">0") -> #NAME?
D152: Count of Skin Score | F152: =COUNTIF(F$134:F$149,F$151) -> 0 | G152: =COUNTIF(G$134:G$149,G$151) -> 0 | H152: =COUNTIF(H$134:H$149,H$151) -> 0 | I152: =COUNTIF(I$134:I$149,I$151) -> 0 | J152: =COUNTIF(J$134:J$149,J$151) -> 0 | K152: =COUNTIF(K$134:K$149,K$151) -> 0 | L152: =COUNTIF(L$134:L$149,L$151) -> 0 | M152: =COUNTIF(M$134:M$149,M$151) -> 0 | N152: =COUNTIF(N$134:N$149,N$151) -> 0 | Q152: =COUNTIF(Q$134:Q$149,Q$151) -> 0 | R152: =COUNTIF(R$134:R$149,R$151) -> 0 | S152: =COUNTIF(S$134:S$149,S$151) -> 0 | T152: =COUNTIF(T$134:T$149,T$151) -> 0 | U152: =COUNTIF(U$134:U$149,U$151) -> 0 | V152: =COUNTIF(V$134:V$149,V$151) -> 0 | W152: =COUNTIF(W$134:W$149,W$151) -> 0 | X152: =COUNTIF(X$134:X$149,X$151) -> 0 | Y152: =COUNTIF(Y$134:Y$149,Y$151) -> 0
D153: Number of Skins | F153: =IF(F152=1,"1","") | G153: =IF(G152=1,"1","") | H153: =IF(H152=1,"1","") | I153: =IF(I152=1,"1","") | J153: =IF(J152=1,"1","") | K153: =IF(K152=1,"1","") | L153: =IF(L152=1,"1","") | M153: =IF(M152=1,"1","") | N153: =IF(N152=1,"1","") | Q153: =IF(Q152=1,"1","") | R153: =IF(R152=1,"1","") | S153: =IF(S152=1,"1","") | T153: =IF(T152=1,"1","") | U153: =IF(U152=1,"1","") | V153: =IF(V152=1,"1","") | W153: =IF(W152=1,"1","") | X153: =IF(X152=1,"1","") | Y153: =IF(Y152=1,"1","") | Z153: =COUNTIF($F$153:$Y$153,"1") -> 0
D154: Winner | F154: =IFERROR(IF(F153="1",VLOOKUP(F151,F$134:$AC$149,F$130,FALSE),""),"") | G154: =IFERROR(IF(G153="1",VLOOKUP(G151,G$134:$AC$149,G$130,FALSE),""),"") | H154: =IFERROR(IF(H153="1",VLOOKUP(H151,H$134:$AC$149,H$130,FALSE),""),"") | I154: =IFERROR(IF(I153="1",VLOOKUP(I151,I$134:$AC$149,I$130,FALSE),""),"") | J154: =IFERROR(IF(J153="1",VLOOKUP(J151,J$134:$AC$149,J$130,FALSE),""),"") | K154: =IFERROR(IF(K153="1",VLOOKUP(K151,K$134:$AC$149,K$130,FALSE),""),"") | L154: =IFERROR(IF(L153="1",VLOOKUP(L151,L$134:$AC$149,L$130,FALSE),""),"") | M154: =IFERROR(IF(M153="1",VLOOKUP(M151,M$134:$AC$149,M$130,FALSE),""),"") | N154: =IFERROR(IF(N153="1",VLOOKUP(N151,N$134:$AC$149,N$130,FALSE),""),"") | Q154: =IFERROR(IF(Q153="1",VLOOKUP(Q151,Q$134:$AC$149,Q$130,FALSE),""),"") | R154: =IFERROR(IF(R153="1",VLOOKUP(R151,R$134:$AC$149,R$130,FALSE),""),"") | S154: =IFERROR(IF(S153="1",VLOOKUP(S151,S$134:$AC$149,S$130,FALSE),""),"") | T154: =IFERROR(IF(T153="1",VLOOKUP(T151,T$134:$AC$149,T$130,FALSE),""),"") | U154: =IFERROR(IF(U153="1",VLOOKUP(U151,U$134:$AC$149,U$130,FALSE),""),"") | V154: =IFERROR(IF(V153="1",VLOOKUP(V151,V$134:$AC$149,V$130,FALSE),""),"") | W154: =IFERROR(IF(W153="1",VLOOKUP(W151,W$134:$AC$149,W$130,FALSE),""),"") | X154: =IFERROR(IF(X153="1",VLOOKUP(X151,X$134:$AC$149,X$130,FALSE),""),"") | Y154: =IFERROR(IF(Y153="1",VLOOKUP(Y151,Y$134:$AC$149,Y$130,FALSE),""),"")
D156: Birdies | E156: Par | F156: =F7 | G156: =G7 | H156: =H7 | I156: =I7 | J156: =J7 | K156: =K7 | L156: =L7 | M156: =M7 | N156: =N7 | Q156: =Q7 | R156: =R7 | S156: =S7 | T156: =T7 | U156: =U7 | V156: =V7 | W156: =W7 | X156: =X7 | Y156: =Y7
D157: Name | E157: Hole | F157: =F133 -> 1 | G157: =G133 -> 2 | H157: =H133 -> 3 | I157: =I133 -> 4 | J157: =J133 -> 5 | K157: =K133 -> 6 | L157: =L133 -> 7 | M157: =M133 -> 8 | N157: =N133 -> 9 | Q157: =Q133 -> 10 | R157: =R133 -> 11 | S157: =S133 -> 12 | T157: =T133 -> 13 | U157: =U133 -> 14 | V157: =V133 -> 15 | W157: =W133 -> 16 | X157: =X133 -> 17 | Y157: =Y133 -> 18 | Z157: B
F158: =IFERROR(IF(VLOOKUP($D158,$D$114:$Y$129,F$131,FALSE)=0,"",IF(VLOOKUP($D158,$D$114:$Y$129,F$131,FALSE)<F$156,1,0)),"") | G158: =IFERROR(IF(VLOOKUP($D158,$D$114:$Y$129,G$131,FALSE)=0,"",IF(VLOOKUP($D158,$D$114:$Y$129,G$131,FALSE)<G$156,1,0)),"") | H158: =IFERROR(IF(VLOOKUP($D158,$D$114:$Y$129,H$131,FALSE)=0,"",IF(VLOOKUP($D158,$D$114:$Y$129,H$131,FALSE)<H$156,1,0)),"") | I158: =IFERROR(IF(VLOOKUP($D158,$D$114:$Y$129,I$131,FALSE)=0,"",IF(VLOOKUP($D158,$D$114:$Y$129,I$131,FALSE)<I$156,1,0)),"") | J158: =IFERROR(IF(VLOOKUP($D158,$D$114:$Y$129,J$131,FALSE)=0,"",IF(VLOOKUP($D158,$D$114:$Y$129,J$131,FALSE)<J$156,1,0)),"") | K158: =IFERROR(IF(VLOOKUP($D158,$D$114:$Y$129,K$131,FALSE)=0,"",IF(VLOOKUP($D158,$D$114:$Y$129,K$131,FALSE)<K$156,1,0)),"") | L158: =IFERROR(IF(VLOOKUP($D158,$D$114:$Y$129,L$131,FALSE)=0,"",IF(VLOOKUP($D158,$D$114:$Y$129,L$131,FALSE)<L$156,1,0)),"") | M158: =IFERROR(IF(VLOOKUP($D158,$D$114:$Y$129,M$131,FALSE)=0,"",IF(VLOOKUP($D158,$D$114:$Y$129,M$131,FALSE)<M$156,1,0)),"") | N158: =IFERROR(IF(VLOOKUP($D158,$D$114:$Y$129,N$131,FALSE)=0,"",IF(VLOOKUP($D158,$D$114:$Y$129,N$131,FALSE)<N$156,1,0)),"") | Q158: =IFERROR(IF(VLOOKUP($D158,$D$114:$Y$129,Q$131,FALSE)=0,"",IF(VLOOKUP($D158,$D$114:$Y$129,Q$131,FALSE)<Q$156,1,0)),"") | R158: =IFERROR(IF(VLOOKUP($D158,$D$114:$Y$129,R$131,FALSE)=0,"",IF(VLOOKUP($D158,$D$114:$Y$129,R$131,FALSE)<R$156,1,0)),"") | S158: =IFERROR(IF(VLOOKUP($D158,$D$114:$Y$129,S$131,FALSE)=0,"",IF(VLOOKUP($D158,$D$114:$Y$129,S$131,FALSE)<S$156,1,0)),"") | T158: =IFERROR(IF(VLOOKUP($D158,$D$114:$Y$129,T$131,FALSE)=0,"",IF(VLOOKUP($D158,$D$114:$Y$129,T$131,FALSE)<T$156,1,0)),"") | U158: =IFERROR(IF(VLOOKUP($D158,$D$114:$Y$129,U$131,FALSE)=0,"",IF(VLOOKUP($D158,$D$114:$Y$129,U$131,FALSE)<U$156,1,0)),"") | V158: =IFERROR(IF(VLOOKUP($D158,$D$114:$Y$129,V$131,FALSE)=0,"",IF(VLOOKUP($D158,$D$114:$Y$129,V$131,FALSE)<V$156,1,0)),"") | W158: =IFERROR(IF(VLOOKUP($D158,$D$114:$Y$129,W$131,FALSE)=0,"",IF(VLOOKUP($D158,$D$114:$Y$129,W$131,FALSE)<W$156,1,0)),"") | X158: =IFERROR(IF(VLOOKUP($D158,$D$114:$Y$129,X$131,FALSE)=0,"",IF(VLOOKUP($D158,$D$114:$Y$129,X$131,FALSE)<X$156,1,0)),"") | Y158: =IFERROR(IF(VLOOKUP($D158,$D$114:$Y$129,Y$131,FALSE)=0,"",IF(VLOOKUP($D158,$D$114:$Y$129,Y$131,FALSE)<Y$156,1,0)),"") | Z158: =SUM(F158:Y158) -> 0
F159: =IFERROR(IF(VLOOKUP($D159,$D$114:$Y$129,F$131,FALSE)=0,"",IF(VLOOKUP($D159,$D$114:$Y$129,F$131,FALSE)<F$156,1,0)),"") | G159: =IFERROR(IF(VLOOKUP($D159,$D$114:$Y$129,G$131,FALSE)=0,"",IF(VLOOKUP($D159,$D$114:$Y$129,G$131,FALSE)<G$156,1,0)),"") | H159: =IFERROR(IF(VLOOKUP($D159,$D$114:$Y$129,H$131,FALSE)=0,"",IF(VLOOKUP($D159,$D$114:$Y$129,H$131,FALSE)<H$156,1,0)),"") | I159: =IFERROR(IF(VLOOKUP($D159,$D$114:$Y$129,I$131,FALSE)=0,"",IF(VLOOKUP($D159,$D$114:$Y$129,I$131,FALSE)<I$156,1,0)),"") | J159: =IFERROR(IF(VLOOKUP($D159,$D$114:$Y$129,J$131,FALSE)=0,"",IF(VLOOKUP($D159,$D$114:$Y$129,J$131,FALSE)<J$156,1,0)),"") | K159: =IFERROR(IF(VLOOKUP($D159,$D$114:$Y$129,K$131,FALSE)=0,"",IF(VLOOKUP($D159,$D$114:$Y$129,K$131,FALSE)<K$156,1,0)),"") | L159: =IFERROR(IF(VLOOKUP($D159,$D$114:$Y$129,L$131,FALSE)=0,"",IF(VLOOKUP($D159,$D$114:$Y$129,L$131,FALSE)<L$156,1,0)),"") | M159: =IFERROR(IF(VLOOKUP($D159,$D$114:$Y$129,M$131,FALSE)=0,"",IF(VLOOKUP($D159,$D$114:$Y$129,M$131,FALSE)<M$156,1,0)),"") | N159: =IFERROR(IF(VLOOKUP($D159,$D$114:$Y$129,N$131,FALSE)=0,"",IF(VLOOKUP($D159,$D$114:$Y$129,N$131,FALSE)<N$156,1,0)),"") | Q159: =IFERROR(IF(VLOOKUP($D159,$D$114:$Y$129,Q$131,FALSE)=0,"",IF(VLOOKUP($D159,$D$114:$Y$129,Q$131,FALSE)<Q$156,1,0)),"") | R159: =IFERROR(IF(VLOOKUP($D159,$D$114:$Y$129,R$131,FALSE)=0,"",IF(VLOOKUP($D159,$D$114:$Y$129,R$131,FALSE)<R$156,1,0)),"") | S159: =IFERROR(IF(VLOOKUP($D159,$D$114:$Y$129,S$131,FALSE)=0,"",IF(VLOOKUP($D159,$D$114:$Y$129,S$131,FALSE)<S$156,1,0)),"") | T159: =IFERROR(IF(VLOOKUP($D159,$D$114:$Y$129,T$131,FALSE)=0,"",IF(VLOOKUP($D159,$D$114:$Y$129,T$131,FALSE)<T$156,1,0)),"") | U159: =IFERROR(IF(VLOOKUP($D159,$D$114:$Y$129,U$131,FALSE)=0,"",IF(VLOOKUP($D159,$D$114:$Y$129,U$131,FALSE)<U$156,1,0)),"") | V159: =IFERROR(IF(VLOOKUP($D159,$D$114:$Y$129,V$131,FALSE)=0,"",IF(VLOOKUP($D159,$D$114:$Y$129,V$131,FALSE)<V$156,1,0)),"") | W159: =IFERROR(IF(VLOOKUP($D159,$D$114:$Y$129,W$131,FALSE)=0,"",IF(VLOOKUP($D159,$D$114:$Y$129,W$131,FALSE)<W$156,1,0)),"") | X159: =IFERROR(IF(VLOOKUP($D159,$D$114:$Y$129,X$131,FALSE)=0,"",IF(VLOOKUP($D159,$D$114:$Y$129,X$131,FALSE)<X$156,1,0)),"") | Y159: =IFERROR(IF(VLOOKUP($D159,$D$114:$Y$129,Y$131,FALSE)=0,"",IF(VLOOKUP($D159,$D$114:$Y$129,Y$131,FALSE)<Y$156,1,0)),"") | Z159: =SUM(F159:Y159) -> 0
...

Sheet SUMMARY
C2: DAY 1 | F2: DAY 2 | H2: DAY 3
C3: ROUND 1 | D3: ROUND 2 | E3: TOTAL | F3: ROUND 3 | G3: TOTAL | H3: ROUND 4 | I3: TOTAL
B4: TEAM EUROPE POINTS | C4: =IFERROR('ROUND 1 - FOURBALL'!AC16+'ROUND 1 - FOURBALL'!AC41+'ROUND 1 - FOURBALL'!AC66+'ROUND 1 - FOURBALL'!AC91,0) -> 37 | D4: =IFERROR('ROUND 2 - FOURBALL'!AC16+'ROUND 2 - FOURBALL'!AC41+'ROUND 2 - FOURBALL'!AC66+'ROUND 2 - FOURBALL'!AC91) -> 37.5 | E4: =C4+D4 -> 74.5 | F4: =IFERROR('ROUND 3 - FOURBALL'!AC16+'ROUND 3 - FOURBALL'!AC41+'ROUND 3 - FOURBALL'!AC66+'ROUND 3 - FOURBALL'!AC91,) -> 33 | G4: =E4+F4 -> 107.5 | H4: =IFERROR('ROUND 4 - SINGLES'!AC16+'ROUND 4 - SINGLES'!AC41+'ROUND 4 - SINGLES'!AC66+'ROUND 4 - SINGLES'!AC91+'ROUND 4 - SINGLES'!AC116+'ROUND 4 - SINGLES'!AC141+'ROUND 4 - SINGLES'!AC166+'ROUND 4 - SINGLES'!AC191,0) -> 73.5 | I4: =G4+H4 -> 181
B5: TEAM USA POINTS | C5: =IFERROR('ROUND 1 - FOURBALL'!AC24+'ROUND 1 - FOURBALL'!AC49+'ROUND 1 - FOURBALL'!AC74+'ROUND 1 - FOURBALL'!AC99,0) -> 35 | D5: =IFERROR('ROUND 2 - FOURBALL'!AC24+'ROUND 2 - FOURBALL'!AC49+'ROUND 2 - FOURBALL'!AC74+'ROUND 2 - FOURBALL'!AC99) -> 34.5 | E5: =C5+D5 -> 69.5 | F5: =IFERROR('ROUND 3 - FOURBALL'!AC24+'ROUND 3 - FOURBALL'!AC49+'ROUND 3 - FOURBALL'!AC74+'ROUND 3 - FOURBALL'!AC99,) -> 39 | G5: =E5+F5 -> 108.5 | H5: =iferror('ROUND 4 - SINGLES'!AC24+'ROUND 4 - SINGLES'!AC49+'ROUND 4 - SINGLES'!AC74+'ROUND 4 - SINGLES'!AC99+'ROUND 4 - SINGLES'!AC124+'ROUND 4 - SINGLES'!AC149+'ROUND 4 - SINGLES'!AC174+'ROUND 4 - SINGLES'!AC199,0) -> 70.5 | I5: =G5+H5 -> 179
C7: =C2 -> DAY 1 | F7: =F2 -> DAY 2 | H7: =H2 -> DAY 3
B8: BIRDIES | C8: =C3 -> ROUND 1 | D8: =D3 -> ROUND 2 | E8: =E3 -> TOTAL | F8: =F3 -> ROUND 3 | G8: =G3 -> TOTAL | H8: =H3 -> ROUND 4 | I8: =I3 -> TOTAL | J8: PRACTICE ROUND | K8: TOTAL | L8: LINE
B9: =HANDICAPS!B8 -> DEREK | C9: =VLOOKUP(B9,'ROUND 1 - FOURBALL'!$F$168:$AB$183,23,FALSE) -> 2 | D9: =VLOOKUP(B9,'ROUND 2 - FOURBALL'!$F$168:$AB$183,23,FALSE) -> 5 | E9: =C9+D9 -> 7 | F9: =VLOOKUP(B9,'ROUND 3 - FOURBALL'!$F$168:$AB$183,23,FALSE) -> 2 | G9: =E9+F9 -> 9 | H9: =VLOOKUP(B9,'ROUND 4 - SINGLES'!$F$251:$AB$266,23,FALSE) -> 0 | I9: =G9+H9 -> 9 | J9: 3 | K9: =I9+J9 -> 12 | L9: 8.5
B10: =HANDICAPS!B9 -> SCOTT | C10: =VLOOKUP(B10,'ROUND 1 - FOURBALL'!$F$168:$AB$183,23,FALSE) -> 3 | D10: =VLOOKUP(B10,'ROUND 2 - FOURBALL'!$F$168:$AB$183,23,FALSE) -> 3 | E10: =C10+D10 -> 6 | F10: =VLOOKUP(B10,'ROUND 3 - FOURBALL'!$F$168:$AB$183,23,FALSE) -> 1 | G10: =E10+F10 -> 7 | H10: =VLOOKUP(B10,'ROUND 4 - SINGLES'!$F$251:$AB$266,23,FALSE) -> 0 | I10: =G10+H10 -> 7 | J10: 2 | K10: =I10+J10 -> 9 | L10: 7.5
B11: =HANDICAPS!B10 -> WAYS | C11: =VLOOKUP(B11,'ROUND 1 - FOURBALL'!$F$168:$AB$183,23,FALSE) -> 2 | D11: =VLOOKUP(B11,'ROUND 2 - FOURBALL'!$F$168:$AB$183,23,FALSE) -> 2 | E11: =C11+D11 -> 4 | F11: =VLOOKUP(B11,'ROUND 3 - FOURBALL'!$F$168:$AB$183,23,FALSE) -> 1 | G11: =E11+F11 -> 5 | H11: =VLOOKUP(B11,'ROUND 4 - SINGLES'!$F$251:$AB$266,23,FALSE) -> 1 | I11: =G11+H11 -> 6 | J11: 1 | K11: =I11+J11 -> 7 | L11: 6.5
B12: =HANDICAPS!B11 -> BEN | C12: =VLOOKUP(B12,'ROUND 1 - FOURBALL'!$F$168:$AB$183,23,FALSE) -> 3 | D12: =VLOOKUP(B12,'ROUND 2 - FOURBALL'!$F$168:$AB$183,23,FALSE) -> 1 | E12: =C12+D12 -> 4 | F12: =VLOOKUP(B12,'ROUND 3 - FOURBALL'!$F$168:$AB$183,23,FALSE) -> 2 | G12: =E12+F12 -> 6 | H12: =VLOOKUP(B12,'ROUND 4 - SINGLES'!$F$251:$AB$266,23,FALSE) -> 3 | I12: =G12+H12 -> 9 | J12: 0 | K12: =I12+J12 -> 9 | L12: 6.5
B13: =HANDICAPS!B12 -> DANNY | C13: =VLOOKUP(B13,'ROUND 1 - FOURBALL'!$F$168:$AB$183,23,FALSE) -> 2 | D13: =VLOOKUP(B13,'ROUND 2 - FOURBALL'!$F$168:$AB$183,23,FALSE) -> 0 | E13: =C13+D13 -> 2 | F13: =VLOOKUP(B13,'ROUND 3 - FOURBALL'!$F$168:$AB$183,23,FALSE) -> 2 | G13: =E13+F13 -> 4 | H13: =VLOOKUP(B13,'ROUND 4 - SINGLES'!$F$251:$AB$266,23,FALSE) -> 0 | I13: =G13+H13 -> 4 | J13: 1 | K13: =I13+J13 -> 5 | L13: 5.5
B14: =HANDICAPS!B13 -> ZACH | C14: =VLOOKUP(B14,'ROUND 1 - FOURBALL'!$F$168:$AB$183,23,FALSE) -> 0 | D14: =VLOOKUP(B14,'ROUND 2 - FOURBALL'!$F$168:$AB$183,23,FALSE) -> 2 | E14: =C14+D14 -> 2 | F14: =VLOOKUP(B14,'ROUND 3 - FOURBALL'!$F$168:$AB$183,23,FALSE) -> 1 | G14: =E14+F14 -> 3 | H14: =VLOOKUP(B14,'ROUND 4 - SINGLES'!$F$251:$AB$266,23,FALSE) -> 0 | I14: =G14+H14 -> 3 | J14: 1 | K14: =I14+J14 -> 4 | L14: 5.5
B15: =HANDICAPS!B14 -> SLICK | C15: =VLOOKUP(B15,'ROUND 1 - FOURBALL'!$F$168:$AB$183,23,FALSE) -> 0 | D15: =VLOOKUP(B15,'ROUND 2 - FOURBALL'!$F$168:$AB$183,23,FALSE) -> 1 | E15: =C15+D15 -> 1 | F15: =VLOOKUP(B15,'ROUND 3 - FOURBALL'!$F$168:$AB$183,23,FALSE) -> 0 | G15: =E15+F15 -> 1 | H15: =VLOOKUP(B15,'ROUND 4 - SINGLES'!$F$251:$AB$266,23,FALSE) -> 1 | I15: =G15+H15 -> 2 | J15: 0 | K15: =I15+J15 -> 2 | L15: 4.5
B16: =HANDICAPS!B15 -> PAXTON | C16: =VLOOKUP(B16,'ROUND 1 - FOURBALL'!$F$168:$AB$183,23,FALSE) -> 2 | D16: =VLOOKUP(B16,'ROUND 2 - FOURBALL'!$F$168:$AB$183,23,FALSE) -> 0 | E16: =C16+D16 -> 2 | F16: =VLOOKUP(B16,'ROUND 3 - FOURBALL'!$F$168:$AB$183,23,FALSE) -> 1 | G16: =E16+F16 -> 3 | H16: =VLOOKUP(B16,'ROUND 4 - SINGLES'!$F$251:$AB$266,23,FALSE) -> 0 | I16: =G16+H16 -> 3 | J16: 0 | K16: =I16+J16 -> 3 | L16: 3.5
B17: =HANDICAPS!B16 -> DYLAN | C17: =VLOOKUP(B17,'ROUND 1 - FOURBALL'!$F$168:$AB$183,23,FALSE) -> 0 | D17: =VLOOKUP(B17,'ROUND 2 - FOURBALL'!$F$168:$AB$183,23,FALSE) -> 0 | E17: =C17+D17 -> 0 | F17: =VLOOKUP(B17,'ROUND 3 - FOURBALL'!$F$168:$AB$183,23,FALSE) -> 0 | G17: =E17+F17 -> 0 | H17: =VLOOKUP(B17,'ROUND 4 - SINGLES'!$F$251:$AB$266,23,FALSE) -> 0 | I17: =G17+H17 -> 0 | J17: 0 | K17: =I17+J17 -> 0 | L17: 3
B18: =HANDICAPS!B17 -> TOM | C18: =VLOOKUP(B18,'ROUND 1 - FOURBALL'!$F$168:$AB$183,23,FALSE) -> 0 | D18: =VLOOKUP(B18,'ROUND 2 - FOURBALL'!$F$168:$AB$183,23,FALSE) -> 1 | E18: =C18+D18 -> 1 | F18: =VLOOKUP(B18,'ROUND 3 - FOURBALL'!$F$168:$AB$183,23,FALSE) -> 0 | G18: =E18+F18 -> 1 | H18: =VLOOKUP(B18,'ROUND 4 - SINGLES'!$F$251:$AB$266,23,FALSE) -> 0 | I18: =G18+H18 -> 1 | J18: 0 | K18: =I18+J18 -> 1 | L18: 2.5
B19: =HANDICAPS!B18 -> ERIC | C19: =VLOOKUP(B19,'ROUND 1 - FOURBALL'!$F$168:$AB$183,23,FALSE) -> 1 | D19: =VLOOKUP(B19,'ROUND 2 - FOURBALL'!$F$168:$AB$183,23,FALSE) -> 1 | E19: =C19+D19 -> 2 | F19: =VLOOKUP(B19,'ROUND 3 - FOURBALL'!$F$168:$AB$183,23,FALSE) -> 0 | G19: =E19+F19 -> 2 | H19: =VLOOKUP(B19,'ROUND 4 - SINGLES'!$F$251:$AB$266,23,FALSE) -> 1 | I19: =G19+H19 -> 3 | J19: 0 | K19: =I19+J19 -> 3 | L19: 2.5
B20: =HANDICAPS!B19 -> MAX | C20: =VLOOKUP(B20,'ROUND 1 - FOURBALL'!$F$168:$AB$183,23,FALSE) -> 0 | D20: =VLOOKUP(B20,'ROUND 2 - FOURBALL'!$F$168:$AB$183,23,FALSE) -> 0 | E20: =C20+D20 -> 0 | F20: =VLOOKUP(B20,'ROUND 3 - FOURBALL'!$F$168:$AB$183,23,FALSE) -> 0 | G20: =E20+F20 -> 0 | H20: =VLOOKUP(B20,'ROUND 4 - SINGLES'!$F$251:$AB$266,23,FALSE) -> 1 | I20: =G20+H20 -> 1 | J20: 0 | K20: =I20+J20 -> 1 | L20: 2.5
... B23: =HANDICAPS!B22 -> SKYLAR | C23: =VLOOKUP(B23,'ROUND 1 - FOURBALL'!$F$168:$AB$183,23,FALSE) -> 0 | D23: =VLOOKUP(B23,'ROUND 2 - FOURBALL'!$F$168:$AB$183,23,FALSE) -> 0 | E23: =C23+D23 -> 0 | F23: =VLOOKUP(B23,'ROUND 3 - FOURBALL'!$F$168:$AB$183,23,FALSE) -> 0 | G23: =E23+F23 -> 0 | H23: =VLOOKUP(B23,'ROUND 4 - SINGLES'!$F$251:$AB$266,23,FALSE) -> 0 | I23: =G23+H23 -> 0 | J23: 0 | K23: =I23+J23 -> 0 | L23: 0.5
B24: =HANDICAPS!B23 -> RYAN | C24: =VLOOKUP(B24,'ROUND 1 - FOURBALL'!$F$168:$AB$183,23,FALSE) -> 0 | D24: =VLOOKUP(B24,'ROUND 2 - FOURBALL'!$F$168:$AB$183,23,FALSE) -> 0 | E24: =C24+D24 -> 0 | F24: =VLOOKUP(B24,'ROUND 3 - FOURBALL'!$F$168:$AB$183,23,FALSE) -> 0 | G24: =E24+F24 -> 0 | H24: =VLOOKUP(B24,'ROUND 4 - SINGLES'!$F$251:$AB$266,23,FALSE) -> 0 | I24: =G24+H24 -> 0 | J24: 0 | K24: 0 | L24: 0.5
B25: TOTALS | C25: =SUM(C9:C24) -> 15 | D25: =SUM(D9:D24) -> 16 | E25: =SUM(E9:E24) -> 31 | F25: =SUM(F9:F24) -> 10 | G25: =SUM(G9:G24) -> 41 | H25: =SUM(H9:H24) -> 7 | I25: =SUM(I9:I24) -> 48
B27: BUY IN | C27: 20 | I27: BUY IN | J27: 25
B28: SKINS | C28: ROUND 1 | D28: ROUND 2 | E28: ROUND 3 | F28: ROUND 4 | G28: =G8 -> TOTAL | I28: TILT | J28: OPT IN? | L28: ROUND 1 | M28: ROUND 2 | N28: ROUND 3 | O28: ROUND 4 | P28: TOTAL
B29: =B9 -> DEREK | C29: ='ROUND 1 - FOURBALL'!AF144 -> 0 | D29: ='ROUND 2 - FOURBALL'!AF144 -> 0 | E29: ='ROUND 3 - FOURBALL'!AF144 -> 0 | F29: ='ROUND 4 - SINGLES'!AF227 -> 0 | G29: =SUM(C29:F29) -> 0 | I29: =B29 -> DEREK | J29: Y | L29: =if($J29="N","DNQ",vlookup($I29,'TILT Round 1'!$C:$Z,24,false)) -> 16 | M29: =if($J29="N","DNQ",vlookup($I29,'TILT Round 2'!$C:$Z,24,false)) -> 46 | N29: =if($J29="N","DNQ",vlookup($I29,'TILT Round 3'!$C:$Z,24,false)) -> 26 | O29: =iferror(if($J29="N","DNQ",vlookup($I29,'TILT Round 4'!$C:$Z,24,false)),0) -> 10 | P29: =if(J29="N","DNQ",SUM(L29:O29)) -> 98
B30: =B10 -> SCOTT | C30: ='ROUND 1 - FOURBALL'!AF145 -> 70 | D30: ='ROUND 2 - FOURBALL'!AF145 -> 0 | E30: ='ROUND 3 - FOURBALL'!AF145 -> 0 | F30: ='ROUND 4 - SINGLES'!AF228 -> 0 | G30: =SUM(C30:F30) -> 70 | I30: =B30 -> SCOTT | J30: Y | L30: =if(J30="N","DNQ",vlookup($I30,'TILT Round 1'!$C:$Z,24,false)) -> 24 | M30: =if($J30="N","DNQ",vlookup($I30,'TILT Round 2'!$C:$Z,24,false)) -> 28 | N30: =if($J30="N","DNQ",vlookup($I30,'TILT Round 3'!$C:$Z,24,false)) -> 30 | O30: =iferror(if($J30="N","DNQ",vlookup($I30,'TILT Round 4'!$C:$Z,24,false)),0) -> 16 | P30: =if(J30="N","DNQ",SUM(L30:O30)) -> 98
B31: =B11 -> WAYS | C31: ='ROUND 1 - FOURBALL'!AF146 -> 0 | D31: ='ROUND 2 - FOURBALL'!AF146 -> 46.666667 | E31: ='ROUND 3 - FOURBALL'!AF146 -> 0 | F31: ='ROUND 4 - SINGLES'!AF229 -> 31.111111 | G31: =SUM(C31:F31) -> 77.777778 | I31: =B31 -> WAYS | J31: Y | L31: =if(J31="N","DNQ",vlookup($I31,'TILT Round 1'!$C:$Z,24,false)) -> 24 | M31: =if($J31="N","DNQ",vlookup($I31,'TILT Round 2'!$C:$Z,24,false)) -> 34 | N31: =if($J31="N","DNQ",vlookup($I31,'TILT Round 3'!$C:$Z,24,false)) -> 20 | O31: =iferror(if($J31="N","DNQ",vlookup($I31,'TILT Round 4'!$C:$Z,24,false)),0) -> 38 | P31: =if(J31="N","DNQ",SUM(L31:O31)) -> 116
B32: =B12 -> BEN | C32: ='ROUND 1 - FOURBALL'!AF147 -> 70 | D32: ='ROUND 2 - FOURBALL'!AF147 -> 0 | E32: ='ROUND 3 - FOURBALL'!AF147 -> 56 | F32: ='ROUND 4 - SINGLES'!AF230 -> 31.111111 | G32: =SUM(C32:F32) -> 157.11111 | I32: =B32 -> BEN | J32: Y | L32: =if(J32="N","DNQ",vlookup($I32,'TILT Round 1'!$C:$Z,24,false)) -> 40 | M32: =if($J32="N","DNQ",vlookup($I32,'TILT Round 2'!$C:$Z,24,false)) -> 52 | N32: =if($J32="N","DNQ",vlookup($I32,'TILT Round 3'!$C:$Z,24,false)) -> 42 | O32: =iferror(if($J32="N","DNQ",vlookup($I32,'TILT Round 4'!$C:$Z,24,false)),0) -> 40 | P32: =if(J32="N","DNQ",SUM(L32:O32)) -> 174
B33: =B13 -> DANNY | C33: ='ROUND 1 - FOURBALL'!AF148 -> 70 | D33: ='ROUND 2 - FOURBALL'!AF148 -> 0 | E33: ='ROUND 3 - FOURBALL'!AF148 -> 0 | F33: ='ROUND 4 - SINGLES'!AF231 -> 0 | G33: =SUM(C33:F33) -> 70 | I33: =B33 -> DANNY | J33: Y | L33: =if(J33="N","DNQ",vlookup($I33,'TILT Round 1'!$C:$Z,24,false)) -> 10 | M33: =if($J33="N","DNQ",vlookup($I33,'TILT Round 2'!$C:$Z,24,false)) -> 36 | N33: =if($J33="N","DNQ",vlookup($I33,'TILT Round 3'!$C:$Z,24,false)) -> 42 | O33: =iferror(if($J33="N","DNQ",vlookup($I33,'TILT Round 4'!$C:$Z,24,false)),0) -> 8 | P33: =if(J33="N","DNQ",SUM(L33:O33)) -> 96
B34: =B14 -> ZACH | C34: ='ROUND 1 - FOURBALL'!AF149 -> 0 | D34: ='ROUND 2 - FOURBALL'!AF149 -> 93.333333 | E34: ='ROUND 3 - FOURBALL'!AF149 -> 56 | F34: ='ROUND 4 - SINGLES'!AF232 -> 0 | G34: =SUM(C34:F34) -> 149.33333 | I34: =B34 -> ZACH | J34: Y | L34: =if(J34="N","DNQ",vlookup($I34,'TILT Round 1'!$C:$Z,24,false)) -> 24 | M34: =if($J34="N","DNQ",vlookup($I34,'TILT Round 2'!$C:$Z,24,false)) -> 42 | N34: =if($J34="N","DNQ",vlookup($I34,'TILT Round 3'!$C:$Z,24,false)) -> 26 | O34: =iferror(if($J34="N","DNQ",vlookup($I34,'TILT Round 4'!$C:$Z,24,false)),0) -> 8 | P34: =if(J34="N","DNQ",SUM(L34:O34)) -> 100
B35: =B15 -> SLICK | C35: ='ROUND 1 - FOURBALL'!AF150 -> 0 | D35: ='ROUND 2 - FOURBALL'!AF150 -> 46.666667 | E35: ='ROUND 3 - FOURBALL'!AF150 -> 0 | F35: ='ROUND 4 - SINGLES'!AF233 -> 31.111111 | G35: =SUM(C35:F35) -> 77.777778 | I35: =B35 -> SLICK | J35: Y | L35: =if(J35="N","DNQ",vlookup($I35,'TILT Round 1'!$C:$Z,24,false)) -> 60 | M35: =if($J35="N","DNQ",vlookup($I35,'TILT Round 2'!$C:$Z,24,false)) -> 48 | N35: =if($J35="N","DNQ",vlookup($I35,'TILT Round 3'!$C:$Z,24,false)) -> 30 | O35: =iferror(if($J35="N","DNQ",vlookup($I35,'TILT Round 4'!$C:$Z,24,false)),0) -> 8 | P35: =if(J35="N","DNQ",SUM(L35:O35)) -> 146
B36: =B16 -> PAXTON | C36: ='ROUND 1 - FOURBALL'!AF151 -> 0 | D36: ='ROUND 2 - FOURBALL'!AF151 -> 0 | E36: ='ROUND 3 - FOURBALL'!AF151 -> 56 | F36: ='ROUND 4 - SINGLES'!AF234 -> 31.111111 | G36: =SUM(C36:F36) -> 87.111111 | I36: =B36 -> PAXTON | J36: Y | L36: =if(J36="N","DNQ",vlookup($I36,'TILT Round 1'!$C:$Z,24,false)) -> 70 | M36: =if($J36="N","DNQ",vlookup($I36,'TILT Round 2'!$C:$Z,24,false)) -> 0 | N36: =if($J36="N","DNQ",vlookup($I36,'TILT Round 3'!$C:$Z,24,false)) -> 22 | O36: =iferror(if($J36="N","DNQ",vlookup($I36,'TILT Round 4'!$C:$Z,24,false)),0) -> 22 | P36: =if(J36="N","DNQ",SUM(L36:O36)) -> 114
B37: =B17 -> DYLAN | C37: ='ROUND 1 - FOURBALL'!AF152 -> 0 | D37: ='ROUND 2 - FOURBALL'!AF152 -> 0 | E37: ='ROUND 3 - FOURBALL'!AF152 -> 0 | F37: ='ROUND 4 - SINGLES'!AF235 -> 0 | G37: =SUM(C37:F37) -> 0 | I37: =B37 -> DYLAN | J37: Y | L37: =if(J37="N","DNQ",vlookup($I37,'TILT Round 1'!$C:$Z,24,false)) -> 58 | M37: =if($J37="N","DNQ",vlookup($I37,'TILT Round 2'!$C:$Z,24,false)) -> 32 | N37: =if($J37="N","DNQ",vlookup($I37,'TILT Round 3'!$C:$Z,24,false)) -> 14 | O37: =iferror(if($J37="N","DNQ",vlookup($I37,'TILT Round 4'!$C:$Z,24,false)),0) -> 26 | P37: =if(J37="N","DNQ",SUM(L37:O37)) -> 130
B38: =B18 -> TOM | C38: ='ROUND 1 - FOURBALL'!AF153 -> 0 | D38: ='ROUND 2 - FOURBALL'!AF153 -> 0 | E38: ='ROUND 3 - FOURBALL'!AF153 -> 56 | F38: ='ROUND 4 - SINGLES'!AF236 -> 0 | G38: =SUM(C38:F38) -> 56 | I38: =B38 -> TOM | J38: Y | L38: =if(J38="N","DNQ",vlookup($I38,'TILT Round 1'!$C:$Z,24,false)) -> 24 | M38: =if($J38="N","DNQ",vlookup($I38,'TILT Round 2'!$C:$Z,24,false)) -> 18 | N38: =if($J38="N","DNQ",vlookup($I38,'TILT Round 3'!$C:$Z,24,false)) -> 16 | O38: =iferror(if($J38="N","DNQ",vlookup($I38,'TILT Round 4'!$C:$Z,24,false)),0) -> 18 | P38: =if(J38="N","DNQ",SUM(L38:O38)) -> 76
B39: =B19 -> ERIC | C39: ='ROUND 1 - FOURBALL'!AF154 -> 0 | D39: ='ROUND 2 - FOURBALL'!AF154 -> 0 | E39: ='ROUND 3 - FOURBALL'!AF154 -> 0 | F39: ='ROUND 4 - SINGLES'!AF237 -> 0 | G39: =SUM(C39:F39) -> 0 | I39: =B39 -> ERIC | J39: N | L39: =if(J39="N","DNQ",vlookup($I39,'TILT Round 1'!$C:$Z,24,false)) -> DNQ | M39: =if($J39="N","DNQ",vlookup($I39,'TILT Round 2'!$C:$Z,24,false)) -> DNQ | N39: =if($J39="N","DNQ",vlookup($I39,'TILT Round 3'!$C:$Z,24,false)) -> DNQ | O39: =iferror(if($J39="N","DNQ",vlookup($I39,'TILT Round 4'!$C:$Z,24,false)),0) -> DNQ | P39: =if(J39="N","DNQ",SUM(L39:O39)) -> DNQ
B40: =B20 -> MAX | C40: ='ROUND 1 - FOURBALL'!AF155 -> 0 | D40: ='ROUND 2 - FOURBALL'!AF155 -> 0 | E40: ='ROUND 3 - FOURBALL'!AF155 -> 0 | F40: ='ROUND 4 - SINGLES'!AF238 -> 62.222222 | G40: =SUM(C40:F40) -> 62.222222 | I40: =B40 -> MAX | J40: N | L40: =if(J40="N","DNQ",vlookup($I40,'TILT Round 1'!$C:$Z,24,false)) -> DNQ | M40: =if($J40="N","DNQ",vlookup($I40,'TILT Round 2'!$C:$Z,24,false)) -> DNQ | N40: =if($J40="N","DNQ",vlookup($I40,'TILT Round 3'!$C:$Z,24,false)) -> DNQ | O40: =iferror(if($J40="N","DNQ",vlookup($I40,'TILT Round 4'!$C:$Z,24,false)),0) -> DNQ | P40: =if(J40="N","DNQ",SUM(L40:O40)) -> DNQ
B41: =B21 -> KIP | C41: ='ROUND 1 - FOURBALL'!AF156 -> 0 | D41: ='ROUND 2 - FOURBALL'!AF156 -> 0 | E41: ='ROUND 3 - FOURBALL'!AF156 -> 0 | F41: ='ROUND 4 - SINGLES'!AF239 -> 31.111111 | G41: =SUM(C41:F41) -> 31.111111 | I41: =B41 -> KIP | J41: Y | L41: =if(J41="N","DNQ",vlookup($I41,'TILT Round 1'!$C:$Z,24,false)) -> -12 | M41: =if($J41="N","DNQ",vlookup($I41,'TILT Round 2'!$C:$Z,24,false)) -> 4 | N41: =if($J41="N","DNQ",vlookup($I41,'TILT Round 3'!$C:$Z,24,false)) -> -30 | O41: =iferror(if($J41="N","DNQ",vlookup($I41,'TILT Round 4'!$C:$Z,24,false)),0) -> 8 | P41: =if(J41="N","DNQ",SUM(L41:O41)) -> -30
... B44: =B24 -> RYAN | C44: ='ROUND 1 - FOURBALL'!AF159 -> 70 | D44: ='ROUND 2 - FOURBALL'!AF159 -> 46.666667 | E44: ='ROUND 3 - FOURBALL'!AF159 -> 56 | F44: ='ROUND 4 - SINGLES'!AF242 -> 62.222222 | G44: =SUM(C44:F44) -> 234.88889 | I44: =B44 -> RYAN | J44: N | L44: =if(J44="N","DNQ",vlookup($I44,'TILT Round 1'!$C:$Z,24,false)) -> DNQ | M44: =if($J44="N","DNQ",vlookup($I44,'TILT Round 2'!$C:$Z,24,false)) -> DNQ | N44: =if($J44="N","DNQ",vlookup($I44,'TILT Round 3'!$C:$Z,24,false)) -> DNQ | O44: =iferror(if($J44="N","DNQ",vlookup($I44,'TILT Round 4'!$C:$Z,24,false)),0) -> DNQ | P44: =if(J44="N","DNQ",SUM(L44:O44)) -> DNQ
B45: =B25 -> TOTALS | C45: =SUM(C29:C44) -> 280 | D45: =SUM(D29:D44) -> 280 | E45: =SUM(E29:E44) -> 280 | F45: =SUM(F29:F44) -> 280 | G45: =SUM(G29:G44) -> 1120

Sheet Ledger
A2: Bettor | B2: Wager | D2: RESULT
A3: Danny | B3: OVER 5.5 birdies | C3: 20 | D3: LOSS | G3: Danny | H3: -25 | I3: paid | J3: -25
A4: Ways | B4: OVER 6.5 | C4: 20 | D4: WIN | G4: Ways | H4: 10 | I4: paid | J4: 90
A5: Dylan | B5: Europe to win | C5: 20 | D5: WIN | G5: Dylan | H5: -5 | I5: splitwise
A6: WAYS | B6: BEN OVER | C6: 5 | D6: WIN | G6: Zach | H6: -17 | I6: splitwise
A7: WAYS | B7: ZACH OVER | C7: 5 | D7: LOSS | G7: Paxton | H7: 5 | I7: splitwise
A8: WAYS | B8: TOM OVER | C8: 5 | D8: LOSS | G8: Stitt | H8: -5 | I8: venmo
A9: WAYS | B9: DMO OVER | C9: 5 | D9: LOSS | G9: Kip | H9: 10 | I9: splitwise
A10: WAYS | B10: SHEPP OVER | C10: 5 | D10: LOSS | G10: Tom | H10: -45 | I10: splitwise
A11: WAYS | B11: SKY OVER | C11: 5 | D11: LOSS | G11: Max | H11: 20 | I11: paid | J11: 30
A12: WAYS | B12: DEREK U | C12: 5 | D12: LOSS
A13: WAYS | B13: SCOTT U | C13: 5 | D13: LOSS
A14: WAYS | B14: DYLAN U | C14: 5 | D14: WIN
A15: WAYS | B15: ERIC U | C15: 5 | D15: LOSS
A16: WAYS | B16: ALEX U | C16: 5 | D16: WIN
A17: WAYS | B17: MAX U | C17: 5 | D17: WIN
A18: WAYS | B18: RYAN U | C18: 5 | D18: WIN
A19: WAYS | B19: KIP U | C19: 5 | D19: WIN
A20: DYLAN | B20: OVER 3 BIRDIES | C20: 20 | D20: LOSS
A21: ZACH | B21: HOLE IN ONE | C21: 2 | D21: LOSS
A22: DANNY | B22: HOLE IN ONE | C22: 5 | D22: LOSS
A23: PAXTON | B23: OVER 3.5 | C23: 20 | D23: LOSS
... A45: MAX | B45: TOTAL OVER 74 | C45: 5 | D45: LOSS

Sheet HANDICAPS
C2: TEES | D2: ORANGE | E2: ORANGE | F2: ORANGE | G2: COMBO | I2: RULES
C3: YARDAGE | D3: 6228 | E3: 6228 | F3: 6352 | G3: 6501 | I3: HAVE FUN OUT THERE GENTLEMEN
C4: SLOPE | D4: 143 | E4: 143 | F4: 132 | G4: 133 | I4: BREAKFAST BALL - AM ROUNDS ONLY
C5: RATING | D5: 71 | E5: 71 | F5: 70.3 | G5: 71 | I5: WINTER RULES IN YOUR FAIRWAY (ROLL THE BALL)
B6: 0.9 | C6: PAR | D6: 72 | E6: 72 | F6: 73 | G6: 72 | I6: GENTLEMAN'S DROP (LEAF RULE/NORMAL ROUGH)
B7: PLAYER | C7: INDEX | D7: BAY HARBOR | E7: BAY HARBOR | F7: ARTHUR HILLS | G7: MONUMENT | I7: RAKE AND PLACE IN THE TRAPS (SAME SPOT)
B8: DEREK | C8: 0.4 | D8: =ROUND(ROUND($C8*(D$4/113)+(D$5-D$6),0)*$B$6,0) -> 0 | E8: =ROUND(ROUND($C8*(E$4/113)+(E$5-E$6),0)*$B$6,0) -> 0 | F8: =ROUND(ROUND($C8*(F$4/113)+(F$5-F$6),0)*$B$6,0) -> -2 | G8: =ROUND(ROUND($C8*(G$4/113)+(G$5-G$6),0)*$B$6,0) -> -1 | I8: STROKE AND DISTANCE FROM TEES - EVERYTHING LAT.
B9: SCOTT | C9: 1.5 | D9: =ROUND(ROUND($C9*(D$4/113)+(D$5-D$6),0)*$B$6,0) -> 1 | E9: =ROUND(ROUND($C9*(E$4/113)+(E$5-E$6),0)*$B$6,0) -> 1 | F9: =ROUND(ROUND($C9*(F$4/113)+(F$5-F$6),0)*$B$6,0) -> -1 | G9: =ROUND(ROUND($C9*(G$4/113)+(G$5-G$6),0)*$B$6,0) -> 1 | I9: MAX DOUBLE PAR - PLEASE PICK UP TO KEEP PACE
B10: WAYS | C10: 6.8 | D10: =ROUND(ROUND($C10*(D$4/113)+(D$5-D$6),0)*$B$6,0) -> 7 | E10: =ROUND(ROUND($C10*(E$4/113)+(E$5-E$6),0)*$B$6,0) -> 7 | F10: =ROUND(ROUND($C10*(F$4/113)+(F$5-F$6),0)*$B$6,0) -> 5 | G10: =ROUND(ROUND($C10*(G$4/113)+(G$5-G$6),0)*$B$6,0) -> 6 | I10: CASH/CARD ONLY ON THE GOLF COURSE FOR BOOZE
B11: BEN | C11: 6.8 | D11: =ROUND(ROUND($C11*(D$4/113)+(D$5-D$6),0)*$B$6,0) -> 7 | E11: =ROUND(ROUND($C11*(E$4/113)+(E$5-E$6),0)*$B$6,0) -> 7 | F11: =ROUND(ROUND($C11*(F$4/113)+(F$5-F$6),0)*$B$6,0) -> 5 | G11: =ROUND(ROUND($C11*(G$4/113)+(G$5-G$6),0)*$B$6,0) -> 6 | I11: DON’T BE A CUNT LIKE THE GUY WALKING HIS DOG
B12: DANNY | C12: 7.1 | D12: =ROUND(ROUND($C12*(D$4/113)+(D$5-D$6),0)*$B$6,0) -> 7 | E12: =ROUND(ROUND($C12*(E$4/113)+(E$5-E$6),0)*$B$6,0) -> 7 | F12: =ROUND(ROUND($C12*(F$4/113)+(F$5-F$6),0)*$B$6,0) -> 5 | G12: =ROUND(ROUND($C12*(G$4/113)+(G$5-G$6),0)*$B$6,0) -> 6
B13: ZACH | C13: 7.3 | D13: =ROUND(ROUND($C13*(D$4/113)+(D$5-D$6),0)*$B$6,0) -> 7 | E13: =ROUND(ROUND($C13*(E$4/113)+(E$5-E$6),0)*$B$6,0) -> 7 | F13: =ROUND(ROUND($C13*(F$4/113)+(F$5-F$6),0)*$B$6,0) -> 5 | G13: =ROUND(ROUND($C13*(G$4/113)+(G$5-G$6),0)*$B$6,0) -> 7
B14: SLICK | C14: 8.4 | D14: =ROUND(ROUND($C14*(D$4/113)+(D$5-D$6),0)*$B$6,0) -> 9 | E14: =ROUND(ROUND($C14*(E$4/113)+(E$5-E$6),0)*$B$6,0) -> 9 | F14: =ROUND(ROUND($C14*(F$4/113)+(F$5-F$6),0)*$B$6,0) -> 6 | G14: =ROUND(ROUND($C14*(G$4/113)+(G$5-G$6),0)*$B$6,0) -> 8
B15: PAXTON | C15: 10.4 | D15: =ROUND(ROUND($C15*(D$4/113)+(D$5-D$6),0)*$B$6,0) -> 11 | E15: =ROUND(ROUND($C15*(E$4/113)+(E$5-E$6),0)*$B$6,0) -> 11 | F15: =ROUND(ROUND($C15*(F$4/113)+(F$5-F$6),0)*$B$6,0) -> 8 | G15: =ROUND(ROUND($C15*(G$4/113)+(G$5-G$6),0)*$B$6,0) -> 10
B16: DYLAN | C16: 11.8 | D16: =ROUND(ROUND($C16*(D$4/113)+(D$5-D$6),0)*$B$6,0) -> 13 | E16: =ROUND(ROUND($C16*(E$4/113)+(E$5-E$6),0)*$B$6,0) -> 13 | F16: =ROUND(ROUND($C16*(F$4/113)+(F$5-F$6),0)*$B$6,0) -> 10 | G16: =ROUND(ROUND($C16*(G$4/113)+(G$5-G$6),0)*$B$6,0) -> 12
B17: TOM | C17: 13 | D17: =ROUND(ROUND($C17*(D$4/113)+(D$5-D$6),0)*$B$6,0) -> 14 | E17: =ROUND(ROUND($C17*(E$4/113)+(E$5-E$6),0)*$B$6,0) -> 14 | F17: =ROUND(ROUND($C17*(F$4/113)+(F$5-F$6),0)*$B$6,0) -> 11 | G17: =ROUND(ROUND($C17*(G$4/113)+(G$5-G$6),0)*$B$6,0) -> 13
B18: ERIC | C18: 13.6 | D18: =ROUND(ROUND($C18*(D$4/113)+(D$5-D$6),0)*$B$6,0) -> 14 | E18: =ROUND(ROUND($C18*(E$4/113)+(E$5-E$6),0)*$B$6,0) -> 14 | F18: =ROUND(ROUND($C18*(F$4/113)+(F$5-F$6),0)*$B$6,0) -> 12 | G18: =ROUND(ROUND($C18*(G$4/113)+(G$5-G$6),0)*$B$6,0) -> 14
B19: MAX | C19: 13.7 | D19: =ROUND(ROUND($C19*(D$4/113)+(D$5-D$6),0)*$B$6,0) -> 14 | E19: =ROUND(ROUND($C19*(E$4/113)+(E$5-E$6),0)*$B$6,0) -> 14 | F19: =ROUND(ROUND($C19*(F$4/113)+(F$5-F$6),0)*$B$6,0) -> 12 | G19: =ROUND(ROUND($C19*(G$4/113)+(G$5-G$6),0)*$B$6,0) -> 14
B20: KIP | C20: 19 | D20: =ROUND(ROUND($C20*(D$4/113)+(D$5-D$6),0)*$B$6,0) -> 21 | E20: =ROUND(ROUND($C20*(E$4/113)+(E$5-E$6),0)*$B$6,0) -> 21 | F20: =ROUND(ROUND($C20*(F$4/113)+(F$5-F$6),0)*$B$6,0) -> 17 | G20: =ROUND(ROUND($C20*(G$4/113)+(G$5-G$6),0)*$B$6,0) -> 19
B21: SHEPP | C21: 19 | D21: =ROUND(ROUND($C21*(D$4/113)+(D$5-D$6),0)*$B$6,0) -> 21 | E21: =ROUND(ROUND($C21*(E$4/113)+(E$5-E$6),0)*$B$6,0) -> 21 | F21: =ROUND(ROUND($C21*(F$4/113)+(F$5-F$6),0)*$B$6,0) -> 17 | G21: =ROUND(ROUND($C21*(G$4/113)+(G$5-G$6),0)*$B$6,0) -> 19
B22: SKYLAR | C22: 19.1 | D22: =ROUND(ROUND($C22*(D$4/113)+(D$5-D$6),0)*$B$6,0) -> 21 | E22: =ROUND(ROUND($C22*(E$4/113)+(E$5-E$6),0)*$B$6,0) -> 21 | F22: =ROUND(ROUND($C22*(F$4/113)+(F$5-F$6),0)*$B$6,0) -> 18 | G22: =ROUND(ROUND($C22*(G$4/113)+(G$5-G$6),0)*$B$6,0) -> 19
B23: RYAN | C23: 22.2 | D23: =ROUND(ROUND($C23*(D$4/113)+(D$5-D$6),0)*$B$6,0) -> 24 | E23: =ROUND(ROUND($C23*(E$4/113)+(E$5-E$6),0)*$B$6,0) -> 24 | F23: =ROUND(ROUND($C23*(F$4/113)+(F$5-F$6),0)*$B$6,0) -> 21 | G23: =ROUND(ROUND($C23*(G$4/113)+(G$5-G$6),0)*$B$6,0) -> 23
B26: HANDICAP INDEX X (SLOPE RATING / 113) + (COURSE RATING - PAR)
B28: TILT HANDICAPS (100% HDCP)
B32: PLAYER | C32: INDEX | D32: BAY HARBOR | E32: BAY HARBOR | F32: ARTHUR HILLS | G32: MONUMENT
B33: DEREK | C33: 0.4 | D33: =ROUND(ROUND($C33*(D$4/113)+(D$5-D$6),0),0) -> 0 | E33: =ROUND(ROUND($C33*(E$4/113)+(E$5-E$6),0),0) -> 0 | F33: =ROUND(ROUND($C33*(F$4/113)+(F$5-F$6),0),0) -> -2 | G33: =ROUND(ROUND($C33*(G$4/113)+(G$5-G$6),0),0) -> -1
B34: SCOTT | C34: 1.5 | D34: =ROUND(ROUND($C34*(D$4/113)+(D$5-D$6),0),0) -> 1 | E34: =ROUND(ROUND($C34*(E$4/113)+(E$5-E$6),0),0) -> 1 | F34: =ROUND(ROUND($C34*(F$4/113)+(F$5-F$6),0),0) -> -1 | G34: =ROUND(ROUND($C34*(G$4/113)+(G$5-G$6),0),0) -> 1
B35: WAYS | C35: 6.8 | D35: =ROUND(ROUND($C35*(D$4/113)+(D$5-D$6),0),0) -> 8 | E35: =ROUND(ROUND($C35*(E$4/113)+(E$5-E$6),0),0) -> 8 | F35: =ROUND(ROUND($C35*(F$4/113)+(F$5-F$6),0),0) -> 5 | G35: =ROUND(ROUND($C35*(G$4/113)+(G$5-G$6),0),0) -> 7
B36: BEN | C36: 6.8 | D36: =ROUND(ROUND($C36*(D$4/113)+(D$5-D$6),0),0) -> 8 | E36: =ROUND(ROUND($C36*(E$4/113)+(E$5-E$6),0),0) -> 8 | F36: =ROUND(ROUND($C36*(F$4/113)+(F$5-F$6),0),0) -> 5 | G36: =ROUND(ROUND($C36*(G$4/113)+(G$5-G$6),0),0) -> 7
B37: DANNY | C37: 7.1 | D37: =ROUND(ROUND($C37*(D$4/113)+(D$5-D$6),0),0) -> 8 | E37: =ROUND(ROUND($C37*(E$4/113)+(E$5-E$6),0),0) -> 8 | F37: =ROUND(ROUND($C37*(F$4/113)+(F$5-F$6),0),0) -> 6 | G37: =ROUND(ROUND($C37*(G$4/113)+(G$5-G$6),0),0) -> 7
B38: ZACH | C38: 7.3 | D38: =ROUND(ROUND($C38*(D$4/113)+(D$5-D$6),0),0) -> 8 | E38: =ROUND(ROUND($C38*(E$4/113)+(E$5-E$6),0),0) -> 8 | F38: =ROUND(ROUND($C38*(F$4/113)+(F$5-F$6),0),0) -> 6 | G38: =ROUND(ROUND($C38*(G$4/113)+(G$5-G$6),0),0) -> 8
B39: SLICK | C39: 8.4 | D39: =ROUND(ROUND($C39*(D$4/113)+(D$5-D$6),0),0) -> 10 | E39: =ROUND(ROUND($C39*(E$4/113)+(E$5-E$6),0),0) -> 10 | F39: =ROUND(ROUND($C39*(F$4/113)+(F$5-F$6),0),0) -> 7 | G39: =ROUND(ROUND($C39*(G$4/113)+(G$5-G$6),0),0) -> 9
B40: PAXTON | C40: 10.4 | D40: =ROUND(ROUND($C40*(D$4/113)+(D$5-D$6),0),0) -> 12 | E40: =ROUND(ROUND($C40*(E$4/113)+(E$5-E$6),0),0) -> 12 | F40: =ROUND(ROUND($C40*(F$4/113)+(F$5-F$6),0),0) -> 9 | G40: =ROUND(ROUND($C40*(G$4/113)+(G$5-G$6),0),0) -> 11
B41: DYLAN | C41: 11.8 | D41: =ROUND(ROUND($C41*(D$4/113)+(D$5-D$6),0),0) -> 14 | E41: =ROUND(ROUND($C41*(E$4/113)+(E$5-E$6),0),0) -> 14 | F41: =ROUND(ROUND($C41*(F$4/113)+(F$5-F$6),0),0) -> 11 | G41: =ROUND(ROUND($C41*(G$4/113)+(G$5-G$6),0),0) -> 13
B42: TOM | C42: 13 | D42: =ROUND(ROUND($C42*(D$4/113)+(D$5-D$6),0),0) -> 15 | E42: =ROUND(ROUND($C42*(E$4/113)+(E$5-E$6),0),0) -> 15 | F42: =ROUND(ROUND($C42*(F$4/113)+(F$5-F$6),0),0) -> 12 | G42: =ROUND(ROUND($C42*(G$4/113)+(G$5-G$6),0),0) -> 14
B43: ERIC | C43: 13.6 | D43: =ROUND(ROUND($C43*(D$4/113)+(D$5-D$6),0),0) -> 16 | E43: =ROUND(ROUND($C43*(E$4/113)+(E$5-E$6),0),0) -> 16 | F43: =ROUND(ROUND($C43*(F$4/113)+(F$5-F$6),0),0) -> 13 | G43: =ROUND(ROUND($C43*(G$4/113)+(G$5-G$6),0),0) -> 15
B44: MAX | C44: 13.7 | D44: =ROUND(ROUND($C44*(D$4/113)+(D$5-D$6),0),0) -> 16 | E44: =ROUND(ROUND($C44*(E$4/113)+(E$5-E$6),0),0) -> 16 | F44: =ROUND(ROUND($C44*(F$4/113)+(F$5-F$6),0),0) -> 13 | G44: =ROUND(ROUND($C44*(G$4/113)+(G$5-G$6),0),0) -> 15
... B48: RYAN | C48: 22.2 | D48: =ROUND(ROUND($C48*(D$4/113)+(D$5-D$6),0),0) -> 27 | E48: =ROUND(ROUND($C48*(E$4/113)+(E$5-E$6),0),0) -> 27 | F48: =ROUND(ROUND($C48*(F$4/113)+(F$5-F$6),0),0) -> 23 | G48: =ROUND(ROUND($C48*(G$4/113)+(G$5-G$6),0),0) -> 25

Sheet PRACTICE ROUND
D3: 3 | F3: MICHIGAN OPEN 2022 - PRACTICE ROUND - CROOKED TREE
J4: FRONT | V4: BACK
G5: HOLE | H5: 1 | I5: 2 | J5: 3 | K5: 4 | L5: 5 | M5: 6 | N5: 7 | O5: 8 | P5: 9 | Q5: OUT | S5: 10 | T5: 11 | U5: 12 | V5: 13 | W5: 14 | X5: 15 | Y5: 16 | Z5: 17 | AA5: 18 | AB5: IN | AC5: TOTAL
F6: BEST TWO OF FOUR | G6: PURPLE | H6: 376 | I6: 166 | J6: 403 | K6: 388 | L6: 166 | M6: 532 | N6: 388 | O6: 160 | P6: 470 | Q6: =SUM(H6:P6) -> 3049 | S6: 431 | T6: 170 | U6: 405 | V6: 551 | W6: 377 | X6: 173 | Y6: 376 | Z6: 474 | AA6: 390 | AB6: =SUM(S6:AA6) -> 3347 | AC6: =AB6+Q6 -> 6396
G7: PAR | H7: 4 | I7: 3 | J7: 4 | K7: 4 | L7: 3 | M7: 5 | N7: 4 | O7: 3 | P7: 5 | Q7: =SUM(H7:P7) -> 35 | S7: 4 | T7: 3 | U7: 4 | V7: 5 | W7: 4 | X7: 3 | Y7: 4 | Z7: 5 | AA7: 4 | AB7: =SUM(S7:AA7) -> 36 | AC7: =AB7+Q7 -> 71
G8: HDCP | H8: 7 | I8: 11 | J8: 3 | K8: 1 | L8: 13 | M8: 9 | N8: 5 | O8: 15 | P8: 17 | S8: 8 | T8: 14 | U8: 2 | V8: 6 | W8: 12 | X8: 16 | Y8: 10 | Z8: 18 | AA8: 4
G10: =IFERROR(VLOOKUP(F10,HANDICAPS!$B$8:$G$23,$D$3,FALSE),"") | H10: =IFERROR(IF($G10>18,IF(($G10-18)>H$33,"**","*"),IF($G10>=H$8,"*","")),"") -> * | I10: =IFERROR(IF($G10>18,IF(($G10-18)>I$33,"**","*"),IF($G10>=I$8,"*","")),"") -> * | J10: =IFERROR(IF($G10>18,IF(($G10-18)>J$33,"**","*"),IF($G10>=J$8,"*","")),"") -> * | K10: =IFERROR(IF($G10>18,IF(($G10-18)>K$33,"**","*"),IF($G10>=K$8,"*","")),"") -> * | L10: =IFERROR(IF($G10>18,IF(($G10-18)>L$33,"**","*"),IF($G10>=L$8,"*","")),"") -> * | M10: =IFERROR(IF($G10>18,IF(($G10-18)>M$33,"**","*"),IF($G10>=M$8,"*","")),"") -> * | N10: =IFERROR(IF($G10>18,IF(($G10-18)>N$33,"**","*"),IF($G10>=N$8,"*","")),"") -> * | O10: =IFERROR(IF($G10>18,IF(($G10-18)>O$33,"**","*"),IF($G10>=O$8,"*","")),"") -> * | P10: =IFERROR(IF($G10>18,IF(($G10-18)>P$33,"**","*"),IF($G10>=P$8,"*","")),"") -> * | S10: =IFERROR(IF($G10>18,IF(($G10-18)>S$33,"**","*"),IF($G10>=S$8,"*","")),"") -> * | T10: =IFERROR(IF($G10>18,IF(($G10-18)>T$33,"**","*"),IF($G10>=T$8,"*","")),"") -> * | U10: =IFERROR(IF($G10>18,IF(($G10-18)>U$33,"**","*"),IF($G10>=U$8,"*","")),"") -> * | V10: =IFERROR(IF($G10>18,IF(($G10-18)>V$33,"**","*"),IF($G10>=V$8,"*","")),"") -> * | W10: =IFERROR(IF($G10>18,IF(($G10-18)>W$33,"**","*"),IF($G10>=W$8,"*","")),"") -> * | X10: =IFERROR(IF($G10>18,IF(($G10-18)>X$33,"**","*"),IF($G10>=X$8,"*","")),"") -> * | Y10: =IFERROR(IF($G10>18,IF(($G10-18)>Y$33,"**","*"),IF($G10>=Y$8,"*","")),"") -> * | Z10: =IFERROR(IF($G10>18,IF(($G10-18)>Z$33,"**","*"),IF($G10>=Z$8,"*","")),"") -> * | AA10: =IFERROR(IF($G10>18,IF(($G10-18)>AA$33,"**","*"),IF($G10>=AA$8,"*","")),"") -> * | AC10: =IF(AB10="","",SUM(Q10,AB10))
Q11: =IF(H11="","",SUM(H11:P11)) | AB11: =IF(S11="","",SUM(S11:AA11)) | AC11: =IFERROR(Q11+AB11,"") -> 0
G12: =IFERROR(VLOOKUP(F12,HANDICAPS!$B$8:$G$23,$D$3,FALSE),"") | H12: =IFERROR(IF($G12>18,IF(($G12-18)>H$33,"**","*"),IF($G12>=H$8,"*","")),"") -> * | I12: =IFERROR(IF($G12>18,IF(($G12-18)>I$33,"**","*"),IF($G12>=I$8,"*","")),"") -> * | J12: =IFERROR(IF($G12>18,IF(($G12-18)>J$33,"**","*"),IF($G12>=J$8,"*","")),"") -> * | K12: =IFERROR(IF($G12>18,IF(($G12-18)>K$33,"**","*"),IF($G12>=K$8,"*","")),"") -> * | L12: =IFERROR(IF($G12>18,IF(($G12-18)>L$33,"**","*"),IF($G12>=L$8,"*","")),"") -> * | M12: =IFERROR(IF($G12>18,IF(($G12-18)>M$33,"**","*"),IF($G12>=M$8,"*","")),"") -> * | N12: =IFERROR(IF($G12>18,IF(($G12-18)>N$33,"**","*"),IF($G12>=N$8,"*","")),"") -> * | O12: =IFERROR(IF($G12>18,IF(($G12-18)>O$33,"**","*"),IF($G12>=O$8,"*","")),"") -> * | P12: =IFERROR(IF($G12>18,IF(($G12-18)>P$33,"**","*"),IF($G12>=P$8,"*","")),"") -> * | S12: =IFERROR(IF($G12>18,IF(($G12-18)>S$33,"**","*"),IF($G12>=S$8,"*","")),"") -> * | T12: =IFERROR(IF($G12>18,IF(($G12-18)>T$33,"**","*"),IF($G12>=T$8,"*","")),"") -> * | U12: =IFERROR(IF($G12>18,IF(($G12-18)>U$33,"**","*"),IF($G12>=U$8,"*","")),"") -> * | V12: =IFERROR(IF($G12>18,IF(($G12-18)>V$33,"**","*"),IF($G12>=V$8,"*","")),"") -> * | W12: =IFERROR(IF($G12>18,IF(($G12-18)>W$33,"**","*"),IF($G12>=W$8,"*","")),"") -> * | X12: =IFERROR(IF($G12>18,IF(($G12-18)>X$33,"**","*"),IF($G12>=X$8,"*","")),"") -> * | Y12: =IFERROR(IF($G12>18,IF(($G12-18)>Y$33,"**","*"),IF($G12>=Y$8,"*","")),"") -> * | Z12: =IFERROR(IF($G12>18,IF(($G12-18)>Z$33,"**","*"),IF($G12>=Z$8,"*","")),"") -> * | AA12: =IFERROR(IF($G12>18,IF(($G12-18)>AA$33,"**","*"),IF($G12>=AA$8,"*","")),"") -> * | AC12: =IF(AB12="","",SUM(Q12,AB12))
Q13: =IF(H13="","",SUM(H13:P13)) | AB13: =IF(S13="","",SUM(S13:AA13)) | AC13: =IFERROR(Q13+AB13,"") -> 0
F15: BEST BALL (NET) | H15: =IF(H11="","",MIN(IF(H10="**",H11-2,IF(H10="*",H11-1,H11)),(IF(H12="**",H13-2,IF(H12="*",H13-1,H13))))) | I15: =IF(I11="","",MIN(IF(I10="**",I11-2,IF(I10="*",I11-1,I11)),(IF(I12="**",I13-2,IF(I12="*",I13-1,I13))))) | J15: =IF(J11="","",MIN(IF(J10="**",J11-2,IF(J10="*",J11-1,J11)),(IF(J12="**",J13-2,IF(J12="*",J13-1,J13))))) | K15: =IF(K11="","",MIN(IF(K10="**",K11-2,IF(K10="*",K11-1,K11)),(IF(K12="**",K13-2,IF(K12="*",K13-1,K13))))) | L15: =IF(L11="","",MIN(IF(L10="**",L11-2,IF(L10="*",L11-1,L11)),(IF(L12="**",L13-2,IF(L12="*",L13-1,L13))))) | M15: =IF(M11="","",MIN(IF(M10="**",M11-2,IF(M10="*",M11-1,M11)),(IF(M12="**",M13-2,IF(M12="*",M13-1,M13))))) | N15: =IF(N11="","",MIN(IF(N10="**",N11-2,IF(N10="*",N11-1,N11)),(IF(N12="**",N13-2,IF(N12="*",N13-1,N13))))) | O15: =IF(O11="","",MIN(IF(O10="**",O11-2,IF(O10="*",O11-1,O11)),(IF(O12="**",O13-2,IF(O12="*",O13-1,O13))))) | P15: =IF(P11="","",MIN(IF(P10="**",P11-2,IF(P10="*",P11-1,P11)),(IF(P12="**",P13-2,IF(P12="*",P13-1,P13))))) | Q15: =IF(H15="","",SUM(H15:P15)) | S15: =IF(S11="","",MIN(IF(S10="**",S11-2,IF(S10="*",S11-1,S11)),(IF(S12="**",S13-2,IF(S12="*",S13-1,S13))))) | T15: =IF(T11="","",MIN(IF(T10="**",T11-2,IF(T10="*",T11-1,T11)),(IF(T12="**",T13-2,IF(T12="*",T13-1,T13))))) | U15: =IF(U11="","",MIN(IF(U10="**",U11-2,IF(U10="*",U11-1,U11)),(IF(U12="**",U13-2,IF(U12="*",U13-1,U13))))) | V15: =IF(V11="","",MIN(IF(V10="**",V11-2,IF(V10="*",V11-1,V11)),(IF(V12="**",V13-2,IF(V12="*",V13-1,V13))))) | W15: =IF(W11="","",MIN(IF(W10="**",W11-2,IF(W10="*",W11-1,W11)),(IF(W12="**",W13-2,IF(W12="*",W13-1,W13))))) | X15: =IF(X11="","",MIN(IF(X10="**",X11-2,IF(X10="*",X11-1,X11)),(IF(X12="**",X13-2,IF(X12="*",X13-1,X13))))) | Y15: =IF(Y11="","",MIN(IF(Y10="**",Y11-2,IF(Y10="*",Y11-1,Y11)),(IF(Y12="**",Y13-2,IF(Y12="*",Y13-1,Y13))))) | Z15: =IF(Z11="","",MIN(IF(Z10="**",Z11-2,IF(Z10="*",Z11-1,Z11)),(IF(Z12="**",Z13-2,IF(Z12="*",Z13-1,Z13))))) | AA15: =IF(AA11="","",MIN(IF(AA10="**",AA11-2,IF(AA10="*",AA11-1,AA11)),(IF(AA12="**",AA13-2,IF(AA12="*",AA13-1,AA13))))) | AB15: =IF(S15="","",SUM(S15:AA15)) | AC15: =IF(AB15="","",AB15+Q15)
F16: TEAM POINTS | H16: =IF(H15="","",IF(H15=H23,0.5,IF(H15<H23,1,0))) | I16: =IF(I15="","",IF(I15=I23,0.5,IF(I15<I23,1,0))) | J16: =IF(J15="","",IF(J15=J23,0.5,IF(J15<J23,1,0))) | K16: =IF(K15="","",IF(K15=K23,0.5,IF(K15<K23,1,0))) | L16: =IF(L15="","",IF(L15=L23,0.5,IF(L15<L23,1,0))) | M16: =IF(M15="","",IF(M15=M23,0.5,IF(M15<M23,1,0))) | N16: =IF(N15="","",IF(N15=N23,0.5,IF(N15<N23,1,0))) | O16: =IF(O15="","",IF(O15=O23,0.5,IF(O15<O23,1,0))) | P16: =IF(P15="","",IF(P15=P23,0.5,IF(P15<P23,1,0))) | Q16: =IF(H16="","",SUM(H16:P16)) | S16: =IF(S15="","",IF(S15=S23,0.5,IF(S15<S23,1,0))) | T16: =IF(T15="","",IF(T15=T23,0.5,IF(T15<T23,1,0))) | U16: =IF(U15="","",IF(U15=U23,0.5,IF(U15<U23,1,0))) | V16: =IF(V15="","",IF(V15=V23,0.5,IF(V15<V23,1,0))) | W16: =IF(W15="","",IF(W15=W23,0.5,IF(W15<W23,1,0))) | X16: =IF(X15="","",IF(X15=X23,0.5,IF(X15<X23,1,0))) | Y16: =IF(Y15="","",IF(Y15=Y23,0.5,IF(Y15<Y23,1,0))) | Z16: =IF(Z15="","",IF(Z15=Z23,0.5,IF(Z15<Z23,1,0))) | AA16: =IF(AA15="","",IF(AA15=AA23,0.5,IF(AA15<AA23,1,0))) | AB16: =IF(S16="","",SUM(S16:AA16)) | AC16: =IF(AB16="","",AB16+Q16)
G18: =IFERROR(VLOOKUP(F18,HANDICAPS!$B$8:$G$23,$D$3,FALSE),"") | H18: =IFERROR(IF($G18>18,IF(($G18-18)>H$33,"**","*"),IF($G18>=H$8,"*","")),"") -> * | I18: =IFERROR(IF($G18>18,IF(($G18-18)>I$33,"**","*"),IF($G18>=I$8,"*","")),"") -> * | J18: =IFERROR(IF($G18>18,IF(($G18-18)>J$33,"**","*"),IF($G18>=J$8,"*","")),"") -> * | K18: =IFERROR(IF($G18>18,IF(($G18-18)>K$33,"**","*"),IF($G18>=K$8,"*","")),"") -> * | L18: =IFERROR(IF($G18>18,IF(($G18-18)>L$33,"**","*"),IF($G18>=L$8,"*","")),"") -> * | M18: =IFERROR(IF($G18>18,IF(($G18-18)>M$33,"**","*"),IF($G18>=M$8,"*","")),"") -> * | N18: =IFERROR(IF($G18>18,IF(($G18-18)>N$33,"**","*"),IF($G18>=N$8,"*","")),"") -> * | O18: =IFERROR(IF($G18>18,IF(($G18-18)>O$33,"**","*"),IF($G18>=O$8,"*","")),"") -> * | P18: =IFERROR(IF($G18>18,IF(($G18-18)>P$33,"**","*"),IF($G18>=P$8,"*","")),"") -> * | S18: =IFERROR(IF($G18>18,IF(($G18-18)>S$33,"**","*"),IF($G18>=S$8,"*","")),"") -> * | T18: =IFERROR(IF($G18>18,IF(($G18-18)>T$33,"**","*"),IF($G18>=T$8,"*","")),"") -> * | U18: =IFERROR(IF($G18>18,IF(($G18-18)>U$33,"**","*"),IF($G18>=U$8,"*","")),"") -> * | V18: =IFERROR(IF($G18>18,IF(($G18-18)>V$33,"**","*"),IF($G18>=V$8,"*","")),"") -> * | W18: =IFERROR(IF($G18>18,IF(($G18-18)>W$33,"**","*"),IF($G18>=W$8,"*","")),"") -> * | X18: =IFERROR(IF($G18>18,IF(($G18-18)>X$33,"**","*"),IF($G18>=X$8,"*","")),"") -> * | Y18: =IFERROR(IF($G18>18,IF(($G18-18)>Y$33,"**","*"),IF($G18>=Y$8,"*","")),"") -> * | Z18: =IFERROR(IF($G18>18,IF(($G18-18)>Z$33,"**","*"),IF($G18>=Z$8,"*","")),"") -> * | AA18: =IFERROR(IF($G18>18,IF(($G18-18)>AA$33,"**","*"),IF($G18>=AA$8,"*","")),"") -> * | AC18: =IF(AB18="","",SUM(Q18,AB18))
Q19: =IF(H19="","",SUM(H19:P19)) | AB19: =IF(S19="","",SUM(S19:AA19)) | AC19: =IFERROR(Q19+AB19,"") -> 0
G20: =IFERROR(VLOOKUP(F20,HANDICAPS!$B$8:$G$23,$D$3,FALSE),"") | H20: =IFERROR(IF($G20>18,IF(($G20-18)>H$33,"**","*"),IF($G20>=H$8,"*","")),"") -> * | I20: =IFERROR(IF($G20>18,IF(($G20-18)>I$33,"**","*"),IF($G20>=I$8,"*","")),"") -> * | J20: =IFERROR(IF($G20>18,IF(($G20-18)>J$33,"**","*"),IF($G20>=J$8,"*","")),"") -> * | K20: =IFERROR(IF($G20>18,IF(($G20-18)>K$33,"**","*"),IF($G20>=K$8,"*","")),"") -> * | L20: =IFERROR(IF($G20>18,IF(($G20-18)>L$33,"**","*"),IF($G20>=L$8,"*","")),"") -> * | M20: =IFERROR(IF($G20>18,IF(($G20-18)>M$33,"**","*"),IF($G20>=M$8,"*","")),"") -> * | N20: =IFERROR(IF($G20>18,IF(($G20-18)>N$33,"**","*"),IF($G20>=N$8,"*","")),"") -> * | O20: =IFERROR(IF($G20>18,IF(($G20-18)>O$33,"**","*"),IF($G20>=O$8,"*","")),"") -> * | P20: =IFERROR(IF($G20>18,IF(($G20-18)>P$33,"**","*"),IF($G20>=P$8,"*","")),"") -> * | S20: =IFERROR(IF($G20>18,IF(($G20-18)>S$33,"**","*"),IF($G20>=S$8,"*","")),"") -> * | T20: =IFERROR(IF($G20>18,IF(($G20-18)>T$33,"**","*"),IF($G20>=T$8,"*","")),"") -> * | U20: =IFERROR(IF($G20>18,IF(($G20-18)>U$33,"**","*"),IF($G20>=U$8,"*","")),"") -> * | V20: =IFERROR(IF($G20>18,IF(($G20-18)>V$33,"**","*"),IF($G20>=V$8,"*","")),"") -> * | W20: =IFERROR(IF($G20>18,IF(($G20-18)>W$33,"**","*"),IF($G20>=W$8,"*","")),"") -> * | X20: =IFERROR(IF($G20>18,IF(($G20-18)>X$33,"**","*"),IF($G20>=X$8,"*","")),"") -> * | Y20: =IFERROR(IF($G20>18,IF(($G20-18)>Y$33,"**","*"),IF($G20>=Y$8,"*","")),"") -> * | Z20: =IFERROR(IF($G20>18,IF(($G20-18)>Z$33,"**","*"),IF($G20>=Z$8,"*","")),"") -> * | AA20: =IFERROR(IF($G20>18,IF(($G20-18)>AA$33,"**","*"),IF($G20>=AA$8,"*","")),"") -> * | AC20: =IF(AB20="","",SUM(Q20,AB20))
Q21: =IF(H21="","",SUM(H21:P21)) | AB21: =IF(S21="","",SUM(S21:AA21)) | AC21: =IFERROR(Q21+AB21,"") -> 0
F23: BEST BALL (NET) | H23: =IF(H19="","",MIN(IF(H18="**",H19-2,IF(H18="*",H19-1,H19)),(IF(H20="**",H21-2,IF(H20="*",H21-1,H21))))) | I23: =IF(I19="","",MIN(IF(I18="**",I19-2,IF(I18="*",I19-1,I19)),(IF(I20="**",I21-2,IF(I20="*",I21-1,I21))))) | J23: =IF(J19="","",MIN(IF(J18="**",J19-2,IF(J18="*",J19-1,J19)),(IF(J20="**",J21-2,IF(J20="*",J21-1,J21))))) | K23: =IF(K19="","",MIN(IF(K18="**",K19-2,IF(K18="*",K19-1,K19)),(IF(K20="**",K21-2,IF(K20="*",K21-1,K21))))) | L23: =IF(L19="","",MIN(IF(L18="**",L19-2,IF(L18="*",L19-1,L19)),(IF(L20="**",L21-2,IF(L20="*",L21-1,L21))))) | M23: =IF(M19="","",MIN(IF(M18="**",M19-2,IF(M18="*",M19-1,M19)),(IF(M20="**",M21-2,IF(M20="*",M21-1,M21))))) | N23: =IF(N19="","",MIN(IF(N18="**",N19-2,IF(N18="*",N19-1,N19)),(IF(N20="**",N21-2,IF(N20="*",N21-1,N21))))) | O23: =IF(O19="","",MIN(IF(O18="**",O19-2,IF(O18="*",O19-1,O19)),(IF(O20="**",O21-2,IF(O20="*",O21-1,O21))))) | P23: =IF(P19="","",MIN(IF(P18="**",P19-2,IF(P18="*",P19-1,P19)),(IF(P20="**",P21-2,IF(P20="*",P21-1,P21))))) | Q23: =IF(H23="","",SUM(H23:P23)) | S23: =IF(S19="","",MIN(IF(S18="**",S19-2,IF(S18="*",S19-1,S19)),(IF(S20="**",S21-2,IF(S20="*",S21-1,S21))))) | T23: =IF(T19="","",MIN(IF(T18="**",T19-2,IF(T18="*",T19-1,T19)),(IF(T20="**",T21-2,IF(T20="*",T21-1,T21))))) | U23: =IF(U19="","",MIN(IF(U18="**",U19-2,IF(U18="*",U19-1,U19)),(IF(U20="**",U21-2,IF(U20="*",U21-1,U21))))) | V23: =IF(V19="","",MIN(IF(V18="**",V19-2,IF(V18="*",V19-1,V19)),(IF(V20="**",V21-2,IF(V20="*",V21-1,V21))))) | W23: =IF(W19="","",MIN(IF(W18="**",W19-2,IF(W18="*",W19-1,W19)),(IF(W20="**",W21-2,IF(W20="*",W21-1,W21))))) | X23: =IF(X19="","",MIN(IF(X18="**",X19-2,IF(X18="*",X19-1,X19)),(IF(X20="**",X21-2,IF(X20="*",X21-1,X21))))) | Y23: =IF(Y19="","",MIN(IF(Y18="**",Y19-2,IF(Y18="*",Y19-1,Y19)),(IF(Y20="**",Y21-2,IF(Y20="*",Y21-1,Y21))))) | Z23: =IF(Z19="","",MIN(IF(Z18="**",Z19-2,IF(Z18="*",Z19-1,Z19)),(IF(Z20="**",Z21-2,IF(Z20="*",Z21-1,Z21))))) | AA23: =IF(AA19="","",MIN(IF(AA18="**",AA19-2,IF(AA18="*",AA19-1,AA19)),(IF(AA20="**",AA21-2,IF(AA20="*",AA21-1,AA21))))) | AB23: =IF(S23="","",SUM(S23:AA23)) | AC23: =IF(AB23="","",AB23+Q23)
F24: TEAM POINTS | H24: =IF(H23="","",IF(H23=H15,0.5,IF(H23<H15,1,0))) | I24: =IF(I23="","",IF(I23=I15,0.5,IF(I23<I15,1,0))) | J24: =IF(J23="","",IF(J23=J15,0.5,IF(J23<J15,1,0))) | K24: =IF(K23="","",IF(K23=K15,0.5,IF(K23<K15,1,0))) | L24: =IF(L23="","",IF(L23=L15,0.5,IF(L23<L15,1,0))) | M24: =IF(M23="","",IF(M23=M15,0.5,IF(M23<M15,1,0))) | N24: =IF(N23="","",IF(N23=N15,0.5,IF(N23<N15,1,0))) | O24: =IF(O23="","",IF(O23=O15,0.5,IF(O23<O15,1,0))) | P24: =IF(P23="","",IF(P23=P15,0.5,IF(P23<P15,1,0))) | Q24: =IF(H24="","",SUM(H24:P24)) | S24: =IF(S23="","",IF(S23=S15,0.5,IF(S23<S15,1,0))) | T24: =IF(T23="","",IF(T23=T15,0.5,IF(T23<T15,1,0))) | U24: =IF(U23="","",IF(U23=U15,0.5,IF(U23<U15,1,0))) | V24: =IF(V23="","",IF(V23=V15,0.5,IF(V23<V15,1,0))) | W24: =IF(W23="","",IF(W23=W15,0.5,IF(W23<W15,1,0))) | X24: =IF(X23="","",IF(X23=X15,0.5,IF(X23<X15,1,0))) | Y24: =IF(Y23="","",IF(Y23=Y15,0.5,IF(Y23<Y15,1,0))) | Z24: =IF(Z23="","",IF(Z23=Z15,0.5,IF(Z23<Z15,1,0))) | AA24: =IF(AA23="","",IF(AA23=AA15,0.5,IF(AA23<AA15,1,0))) | AB24: =IF(S24="","",SUM(S24:AA24)) | AC24: =IF(AB24="","",AB24+Q24)
F28: =F3 -> MICHIGAN OPEN 2022 - PRACTICE ROUND - CROOKED TREE
J29: =J4 -> FRONT | V29: =V4 -> BACK
G30: =G5 -> HOLE | H30: =H5 -> 1 | I30: =I5 -> 2 | J30: =J5 -> 3 | K30: =K5 -> 4 | L30: =L5 -> 5 | M30: =M5 -> 6 | N30: =N5 -> 7 | ... Q30: =Q5 -> OUT | S30: =S5 -> 10 | T30: =T5 -> 11 | U30: =U5 -> 12 | V30: =V5 -> 13 | W30: =W5 -> 14 | X30: =X5 -> 15 | Y30: =Y5 -> 16 | Z30: =Z5 -> 17 | ... AC30: =AC5 -> TOTAL
F31: =$F$6 -> BEST TWO OF FOUR | G31: =G6 -> PURPLE | H31: =H6 -> 376 | I31: =I6 -> 166 | J31: =J6 -> 403 | K31: =K6 -> 388 | L31: =L6 -> 166 | M31: =M6 -> 532 | N31: =N6 -> 388 | ... Q31: =Q6 -> 3049 | S31: =S6 -> 431 | T31: =T6 -> 170 | U31: =U6 -> 405 | V31: =V6 -> 551 | W31: =W6 -> 377 | X31: =X6 -> 173 | Y31: =Y6 -> 376 | Z31: =Z6 -> 474 | ... AB31: =AB6 -> 3347 | AC31: =AB31+Q31 -> 6396
G32: =G7 -> PAR | H32: =H7 -> 4 | I32: =I7 -> 3 | J32: =J7 -> 4 | K32: =K7 -> 4 | L32: =L7 -> 3 | M32: =M7 -> 5 | N32: =N7 -> 4 | ... Q32: =Q7 -> 35 | S32: =S7 -> 4 | T32: =T7 -> 3 | U32: =U7 -> 4 | V32: =V7 -> 5 | W32: =W7 -> 4 | X32: =X7 -> 3 | Y32: =Y7 -> 4 | Z32: =Z7 -> 5 | ... AB32: =AB7 -> 36 | AC32: =AB32+Q32 -> 71
G33: =G8 -> HDCP | H33: =H8 -> 7 | I33: =I8 -> 11 | J33: =J8 -> 3 | K33: =K8 -> 1 | L33: =L8 -> 13 | M33: =M8 -> 9 | N33: =N8 -> 5 | ... P33: =P8 -> 17 | S33: =S8 -> 8 | T33: =T8 -> 14 | U33: =U8 -> 2 | V33: =V8 -> 6 | W33: =W8 -> 12 | X33: =X8 -> 16 | Y33: =Y8 -> 10 | Z33: =Z8 -> 18 | AA33: =AA8 -> 4
G35: =IFERROR(VLOOKUP(F35,HANDICAPS!$B$8:$G$23,$D$3,FALSE),"") | H35: =IFERROR(IF($G35>18,IF(($G35-18)>H$33,"**","*"),IF($G35>=H$8,"*","")),"") -> * | I35: =IFERROR(IF($G35>18,IF(($G35-18)>I$33,"**","*"),IF($G35>=I$8,"*","")),"") -> * | J35: =IFERROR(IF($G35>18,IF(($G35-18)>J$33,"**","*"),IF($G35>=J$8,"*","")),"") -> * | K35: =IFERROR(IF($G35>18,IF(($G35-18)>K$33,"**","*"),IF($G35>=K$8,"*","")),"") -> * | L35: =IFERROR(IF($G35>18,IF(($G35-18)>L$33,"**","*"),IF($G35>=L$8,"*","")),"") -> * | M35: =IFERROR(IF($G35>18,IF(($G35-18)>M$33,"**","*"),IF($G35>=M$8,"*","")),"") -> * | N35: =IFERROR(IF($G35>18,IF(($G35-18)>N$33,"**","*"),IF($G35>=N$8,"*","")),"") -> * | O35: =IFERROR(IF($G35>18,IF(($G35-18)>O$33,"**","*"),IF($G35>=O$8,"*","")),"") -> * | P35: =IFERROR(IF($G35>18,IF(($G35-18)>P$33,"**","*"),IF($G35>=P$8,"*","")),"") -> * | S35: =IFERROR(IF($G35>18,IF(($G35-18)>S$33,"**","*"),IF($G35>=S$8,"*","")),"") -> * | T35: =IFERROR(IF($G35>18,IF(($G35-18)>T$33,"**","*"),IF($G35>=T$8,"*","")),"") -> * | U35: =IFERROR(IF($G35>18,IF(($G35-18)>U$33,"**","*"),IF($G35>=U$8,"*","")),"") -> * | V35: =IFERROR(IF($G35>18,IF(($G35-18)>V$33,"**","*"),IF($G35>=V$8,"*","")),"") -> * | W35: =IFERROR(IF($G35>18,IF(($G35-18)>W$33,"**","*"),IF($G35>=W$8,"*","")),"") -> * | X35: =IFERROR(IF($G35>18,IF(($G35-18)>X$33,"**","*"),IF($G35>=X$8,"*","")),"") -> * | Y35: =IFERROR(IF($G35>18,IF(($G35-18)>Y$33,"**","*"),IF($G35>=Y$8,"*","")),"") -> * | Z35: =IFERROR(IF($G35>18,IF(($G35-18)>Z$33,"**","*"),IF($G35>=Z$8,"*","")),"") -> * | AA35: =IFERROR(IF($G35>18,IF(($G35-18)>AA$33,"**","*"),IF($G35>=AA$8,"*","")),"") -> * | AC35: =IF(AB35="","",SUM(Q35,AB35))
Q36: =IF(H36="","",SUM(H36:P36)) | AB36: =IF(S36="","",SUM(S36:AA36)) | AC36: =IFERROR(Q36+AB36,"") -> 0
G37: =IFERROR(VLOOKUP(F37,HANDICAPS!$B$8:$G$23,$D$3,FALSE),"") | H37: =IFERROR(IF($G37>18,IF(($G37-18)>H$33,"**","*"),IF($G37>=H$8,"*","")),"") -> * | I37: =IFERROR(IF($G37>18,IF(($G37-18)>I$33,"**","*"),IF($G37>=I$8,"*","")),"") -> * | J37: =IFERROR(IF($G37>18,IF(($G37-18)>J$33,"**","*"),IF($G37>=J$8,"*","")),"") -> * | K37: =IFERROR(IF($G37>18,IF(($G37-18)>K$33,"**","*"),IF($G37>=K$8,"*","")),"") -> * | L37: =IFERROR(IF($G37>18,IF(($G37-18)>L$33,"**","*"),IF($G37>=L$8,"*","")),"") -> * | M37: =IFERROR(IF($G37>18,IF(($G37-18)>M$33,"**","*"),IF($G37>=M$8,"*","")),"") -> * | N37: =IFERROR(IF($G37>18,IF(($G37-18)>N$33,"**","*"),IF($G37>=N$8,"*","")),"") -> * | O37: =IFERROR(IF($G37>18,IF(($G37-18)>O$33,"**","*"),IF($G37>=O$8,"*","")),"") -> * | P37: =IFERROR(IF($G37>18,IF(($G37-18)>P$33,"**","*"),IF($G37>=P$8,"*","")),"") -> * | S37: =IFERROR(IF($G37>18,IF(($G37-18)>S$33,"**","*"),IF($G37>=S$8,"*","")),"") -> * | T37: =IFERROR(IF($G37>18,IF(($G37-18)>T$33,"**","*"),IF($G37>=T$8,"*","")),"") -> * | U37: =IFERROR(IF($G37>18,IF(($G37-18)>U$33,"**","*"),IF($G37>=U$8,"*","")),"") -> * | V37: =IFERROR(IF($G37>18,IF(($G37-18)>V$33,"**","*"),IF($G37>=V$8,"*","")),"") -> * | W37: =IFERROR(IF($G37>18,IF(($G37-18)>W$33,"**","*"),IF($G37>=W$8,"*","")),"") -> * | X37: =IFERROR(IF($G37>18,IF(($G37-18)>X$33,"**","*"),IF($G37>=X$8,"*","")),"") -> * | Y37: =IFERROR(IF($G37>18,IF(($G37-18)>Y$33,"**","*"),IF($G37>=Y$8,"*","")),"") -> * | Z37: =IFERROR(IF($G37>18,IF(($G37-18)>Z$33,"**","*"),IF($G37>=Z$8,"*","")),"") -> * | AA37: =IFERROR(IF($G37>18,IF(($G37-18)>AA$33,"**","*"),IF($G37>=AA$8,"*","")),"") -> * | AC37: =IF(AB37="","",SUM(Q37,AB37))
Q38: =IF(H38="","",SUM(H38:P38)) | AB38: =IF(S38="","",SUM(S38:AA38)) | AC38: =IFERROR(Q38+AB38,"") -> 0
F40: BEST BALL (NET) | H40: =IF(H36="","",MIN(IF(H35="**",H36-2,IF(H35="*",H36-1,H36)),(IF(H37="**",H38-2,IF(H37="*",H38-1,H38))))) | I40: =IF(I36="","",MIN(IF(I35="**",I36-2,IF(I35="*",I36-1,I36)),(IF(I37="**",I38-2,IF(I37="*",I38-1,I38))))) | J40: =IF(J36="","",MIN(IF(J35="**",J36-2,IF(J35="*",J36-1,J36)),(IF(J37="**",J38-2,IF(J37="*",J38-1,J38))))) | K40: =IF(K36="","",MIN(IF(K35="**",K36-2,IF(K35="*",K36-1,K36)),(IF(K37="**",K38-2,IF(K37="*",K38-1,K38))))) | L40: =IF(L36="","",MIN(IF(L35="**",L36-2,IF(L35="*",L36-1,L36)),(IF(L37="**",L38-2,IF(L37="*",L38-1,L38))))) | M40: =IF(M36="","",MIN(IF(M35="**",M36-2,IF(M35="*",M36-1,M36)),(IF(M37="**",M38-2,IF(M37="*",M38-1,M38))))) | N40: =IF(N36="","",MIN(IF(N35="**",N36-2,IF(N35="*",N36-1,N36)),(IF(N37="**",N38-2,IF(N37="*",N38-1,N38))))) | O40: =IF(O36="","",MIN(IF(O35="**",O36-2,IF(O35="*",O36-1,O36)),(IF(O37="**",O38-2,IF(O37="*",O38-1,O38))))) | P40: =IF(P36="","",MIN(IF(P35="**",P36-2,IF(P35="*",P36-1,P36)),(IF(P37="**",P38-2,IF(P37="*",P38-1,P38))))) | Q40: =IF(H40="","",SUM(H40:P40)) | S40: =IF(S36="","",MIN(IF(S35="**",S36-2,IF(S35="*",S36-1,S36)),(IF(S37="**",S38-2,IF(S37="*",S38-1,S38))))) | T40: =IF(T36="","",MIN(IF(T35="**",T36-2,IF(T35="*",T36-1,T36)),(IF(T37="**",T38-2,IF(T37="*",T38-1,T38))))) | U40: =IF(U36="","",MIN(IF(U35="**",U36-2,IF(U35="*",U36-1,U36)),(IF(U37="**",U38-2,IF(U37="*",U38-1,U38))))) | V40: =IF(V36="","",MIN(IF(V35="**",V36-2,IF(V35="*",V36-1,V36)),(IF(V37="**",V38-2,IF(V37="*",V38-1,V38))))) | W40: =IF(W36="","",MIN(IF(W35="**",W36-2,IF(W35="*",W36-1,W36)),(IF(W37="**",W38-2,IF(W37="*",W38-1,W38))))) | X40: =IF(X36="","",MIN(IF(X35="**",X36-2,IF(X35="*",X36-1,X36)),(IF(X37="**",X38-2,IF(X37="*",X38-1,X38))))) | Y40: =IF(Y36="","",MIN(IF(Y35="**",Y36-2,IF(Y35="*",Y36-1,Y36)),(IF(Y37="**",Y38-2,IF(Y37="*",Y38-1,Y38))))) | Z40: =IF(Z36="","",MIN(IF(Z35="**",Z36-2,IF(Z35="*",Z36-1,Z36)),(IF(Z37="**",Z38-2,IF(Z37="*",Z38-1,Z38))))) | AA40: =IF(AA36="","",MIN(IF(AA35="**",AA36-2,IF(AA35="*",AA36-1,AA36)),(IF(AA37="**",AA38-2,IF(AA37="*",AA38-1,AA38))))) | AB40: =IF(S40="","",SUM(S40:AA40)) | AC40: =IF(AB40="","",AB40+Q40)
F41: TEAM POINTS | H41: =IF(H40="","",IF(H40=H48,0.5,IF(H40<H48,1,0))) | I41: =IF(I40="","",IF(I40=I48,0.5,IF(I40<I48,1,0))) | J41: =IF(J40="","",IF(J40=J48,0.5,IF(J40<J48,1,0))) | K41: =IF(K40="","",IF(K40=K48,0.5,IF(K40<K48,1,0))) | L41: =IF(L40="","",IF(L40=L48,0.5,IF(L40<L48,1,0))) | M41: =IF(M40="","",IF(M40=M48,0.5,IF(M40<M48,1,0))) | N41: =IF(N40="","",IF(N40=N48,0.5,IF(N40<N48,1,0))) | O41: =IF(O40="","",IF(O40=O48,0.5,IF(O40<O48,1,0))) | P41: =IF(P40="","",IF(P40=P48,0.5,IF(P40<P48,1,0))) | Q41: =IF(H41="","",SUM(H41:P41)) | S41: =IF(S40="","",IF(S40=S48,0.5,IF(S40<S48,1,0))) | T41: =IF(T40="","",IF(T40=T48,0.5,IF(T40<T48,1,0))) | U41: =IF(U40="","",IF(U40=U48,0.5,IF(U40<U48,1,0))) | V41: =IF(V40="","",IF(V40=V48,0.5,IF(V40<V48,1,0))) | W41: =IF(W40="","",IF(W40=W48,0.5,IF(W40<W48,1,0))) | X41: =IF(X40="","",IF(X40=X48,0.5,IF(X40<X48,1,0))) | Y41: =IF(Y40="","",IF(Y40=Y48,0.5,IF(Y40<Y48,1,0))) | Z41: =IF(Z40="","",IF(Z40=Z48,0.5,IF(Z40<Z48,1,0))) | AA41: =IF(AA40="","",IF(AA40=AA48,0.5,IF(AA40<AA48,1,0))) | AB41: =IF(S41="","",SUM(S41:AA41)) | AC41: =IF(AB41="","",AB41+Q41)
G43: =IFERROR(VLOOKUP(F43,HANDICAPS!$B$8:$G$23,$D$3,FALSE),"") | H43: =IFERROR(IF($G43>18,IF(($G43-18)>H$33,"**","*"),IF($G43>=H$8,"*","")),"") -> * | I43: =IFERROR(IF($G43>18,IF(($G43-18)>I$33,"**","*"),IF($G43>=I$8,"*","")),"") -> * | J43: =IFERROR(IF($G43>18,IF(($G43-18)>J$33,"**","*"),IF($G43>=J$8,"*","")),"") -> * | K43: =IFERROR(IF($G43>18,IF(($G43-18)>K$33,"**","*"),IF($G43>=K$8,"*","")),"") -> * | L43: =IFERROR(IF($G43>18,IF(($G43-18)>L$33,"**","*"),IF($G43>=L$8,"*","")),"") -> * | M43: =IFERROR(IF($G43>18,IF(($G43-18)>M$33,"**","*"),IF($G43>=M$8,"*","")),"") -> * | N43: =IFERROR(IF($G43>18,IF(($G43-18)>N$33,"**","*"),IF($G43>=N$8,"*","")),"") -> * | O43: =IFERROR(IF($G43>18,IF(($G43-18)>O$33,"**","*"),IF($G43>=O$8,"*","")),"") -> * | P43: =IFERROR(IF($G43>18,IF(($G43-18)>P$33,"**","*"),IF($G43>=P$8,"*","")),"") -> * | S43: =IFERROR(IF($G43>18,IF(($G43-18)>S$33,"**","*"),IF($G43>=S$8,"*","")),"") -> * | T43: =IFERROR(IF($G43>18,IF(($G43-18)>T$33,"**","*"),IF($G43>=T$8,"*","")),"") -> * | U43: =IFERROR(IF($G43>18,IF(($G43-18)>U$33,"**","*"),IF($G43>=U$8,"*","")),"") -> * | V43: =IFERROR(IF($G43>18,IF(($G43-18)>V$33,"**","*"),IF($G43>=V$8,"*","")),"") -> * | W43: =IFERROR(IF($G43>18,IF(($G43-18)>W$33,"**","*"),IF($G43>=W$8,"*","")),"") -> * | X43: =IFERROR(IF($G43>18,IF(($G43-18)>X$33,"**","*"),IF($G43>=X$8,"*","")),"") -> * | Y43: =IFERROR(IF($G43>18,IF(($G43-18)>Y$33,"**","*"),IF($G43>=Y$8,"*","")),"") -> * | Z43: =IFERROR(IF($G43>18,IF(($G43-18)>Z$33,"**","*"),IF($G43>=Z$8,"*","")),"") -> * | AA43: =IFERROR(IF($G43>18,IF(($G43-18)>AA$33,"**","*"),IF($G43>=AA$8,"*","")),"") -> * | AC43: =IF(AB43="","",SUM(Q43,AB43))
Q44: =IF(H44="","",SUM(H44:P44)) | AB44: =IF(S44="","",SUM(S44:AA44)) | AC44: =IFERROR(Q44+AB44,"") -> 0
G45: =IFERROR(VLOOKUP(F45,HANDICAPS!$B$8:$G$23,$D$3,FALSE),"") | H45: =IFERROR(IF($G45>18,IF(($G45-18)>H$33,"**","*"),IF($G45>=H$8,"*","")),"") -> * | I45: =IFERROR(IF($G45>18,IF(($G45-18)>I$33,"**","*"),IF($G45>=I$8,"*","")),"") -> * | J45: =IFERROR(IF($G45>18,IF(($G45-18)>J$33,"**","*"),IF($G45>=J$8,"*","")),"") -> * | K45: =IFERROR(IF($G45>18,IF(($G45-18)>K$33,"**","*"),IF($G45>=K$8,"*","")),"") -> * | L45: =IFERROR(IF($G45>18,IF(($G45-18)>L$33,"**","*"),IF($G45>=L$8,"*","")),"") -> * | M45: =IFERROR(IF($G45>18,IF(($G45-18)>M$33,"**","*"),IF($G45>=M$8,"*","")),"") -> * | N45: =IFERROR(IF($G45>18,IF(($G45-18)>N$33,"**","*"),IF($G45>=N$8,"*","")),"") -> * | O45: =IFERROR(IF($G45>18,IF(($G45-18)>O$33,"**","*"),IF($G45>=O$8,"*","")),"") -> * | P45: =IFERROR(IF($G45>18,IF(($G45-18)>P$33,"**","*"),IF($G45>=P$8,"*","")),"") -> * | S45: =IFERROR(IF($G45>18,IF(($G45-18)>S$33,"**","*"),IF($G45>=S$8,"*","")),"") -> * | T45: =IFERROR(IF($G45>18,IF(($G45-18)>T$33,"**","*"),IF($G45>=T$8,"*","")),"") -> * | U45: =IFERROR(IF($G45>18,IF(($G45-18)>U$33,"**","*"),IF($G45>=U$8,"*","")),"") -> * | V45: =IFERROR(IF($G45>18,IF(($G45-18)>V$33,"**","*"),IF($G45>=V$8,"*","")),"") -> * | W45: =IFERROR(IF($G45>18,IF(($G45-18)>W$33,"**","*"),IF($G45>=W$8,"*","")),"") -> * | X45: =IFERROR(IF($G45>18,IF(($G45-18)>X$33,"**","*"),IF($G45>=X$8,"*","")),"") -> * | Y45: =IFERROR(IF($G45>18,IF(($G45-18)>Y$33,"**","*"),IF($G45>=Y$8,"*","")),"") -> * | Z45: =IFERROR(IF($G45>18,IF(($G45-18)>Z$33,"**","*"),IF($G45>=Z$8,"*","")),"") -> * | AA45: =IFERROR(IF($G45>18,IF(($G45-18)>AA$33,"**","*"),IF($G45>=AA$8,"*","")),"") -> * | AC45: =IF(AB45="","",SUM(Q45,AB45))
Q46: =IF(H46="","",SUM(H46:P46)) | AB46: =IF(S46="","",SUM(S46:AA46)) | AC46: =IFERROR(Q46+AB46,"") -> 0
F48: BEST BALL (NET) | H48: =IF(H44="","",MIN(IF(H43="**",H44-2,IF(H43="*",H44-1,H44)),(IF(H45="**",H46-2,IF(H45="*",H46-1,H46))))) | I48: =IF(I44="","",MIN(IF(I43="**",I44-2,IF(I43="*",I44-1,I44)),(IF(I45="**",I46-2,IF(I45="*",I46-1,I46))))) | J48: =IF(J44="","",MIN(IF(J43="**",J44-2,IF(J43="*",J44-1,J44)),(IF(J45="**",J46-2,IF(J45="*",J46-1,J46))))) | K48: =IF(K44="","",MIN(IF(K43="**",K44-2,IF(K43="*",K44-1,K44)),(IF(K45="**",K46-2,IF(K45="*",K46-1,K46))))) | L48: =IF(L44="","",MIN(IF(L43="**",L44-2,IF(L43="*",L44-1,L44)),(IF(L45="**",L46-2,IF(L45="*",L46-1,L46))))) | M48: =IF(M44="","",MIN(IF(M43="**",M44-2,IF(M43="*",M44-1,M44)),(IF(M45="**",M46-2,IF(M45="*",M46-1,M46))))) | N48: =IF(N44="","",MIN(IF(N43="**",N44-2,IF(N43="*",N44-1,N44)),(IF(N45="**",N46-2,IF(N45="*",N46-1,N46))))) | O48: =IF(O44="","",MIN(IF(O43="**",O44-2,IF(O43="*",O44-1,O44)),(IF(O45="**",O46-2,IF(O45="*",O46-1,O46))))) | P48: =IF(P44="","",MIN(IF(P43="**",P44-2,IF(P43="*",P44-1,P44)),(IF(P45="**",P46-2,IF(P45="*",P46-1,P46))))) | Q48: =IF(H48="","",SUM(H48:P48)) | S48: =IF(S44="","",MIN(IF(S43="**",S44-2,IF(S43="*",S44-1,S44)),(IF(S45="**",S46-2,IF(S45="*",S46-1,S46))))) | T48: =IF(T44="","",MIN(IF(T43="**",T44-2,IF(T43="*",T44-1,T44)),(IF(T45="**",T46-2,IF(T45="*",T46-1,T46))))) | U48: =IF(U44="","",MIN(IF(U43="**",U44-2,IF(U43="*",U44-1,U44)),(IF(U45="**",U46-2,IF(U45="*",U46-1,U46))))) | V48: =IF(V44="","",MIN(IF(V43="**",V44-2,IF(V43="*",V44-1,V44)),(IF(V45="**",V46-2,IF(V45="*",V46-1,V46))))) | W48: =IF(W44="","",MIN(IF(W43="**",W44-2,IF(W43="*",W44-1,W44)),(IF(W45="**",W46-2,IF(W45="*",W46-1,W46))))) | X48: =IF(X44="","",MIN(IF(X43="**",X44-2,IF(X43="*",X44-1,X44)),(IF(X45="**",X46-2,IF(X45="*",X46-1,X46))))) | Y48: =IF(Y44="","",MIN(IF(Y43="**",Y44-2,IF(Y43="*",Y44-1,Y44)),(IF(Y45="**",Y46-2,IF(Y45="*",Y46-1,Y46))))) | Z48: =IF(Z44="","",MIN(IF(Z43="**",Z44-2,IF(Z43="*",Z44-1,Z44)),(IF(Z45="**",Z46-2,IF(Z45="*",Z46-1,Z46))))) | AA48: =IF(AA44="","",MIN(IF(AA43="**",AA44-2,IF(AA43="*",AA44-1,AA44)),(IF(AA45="**",AA46-2,IF(AA45="*",AA46-1,AA46))))) | AB48: =IF(S48="","",SUM(S48:AA48)) | AC48: =IF(AB48="","",AB48+Q48)
F49: TEAM POINTS | H49: =IF(H48="","",IF(H48=H40,0.5,IF(H48<H40,1,0))) | I49: =IF(I48="","",IF(I48=I40,0.5,IF(I48<I40,1,0))) | J49: =IF(J48="","",IF(J48=J40,0.5,IF(J48<J40,1,0))) | K49: =IF(K48="","",IF(K48=K40,0.5,IF(K48<K40,1,0))) | L49: =IF(L48="","",IF(L48=L40,0.5,IF(L48<L40,1,0))) | M49: =IF(M48="","",IF(M48=M40,0.5,IF(M48<M40,1,0))) | N49: =IF(N48="","",IF(N48=N40,0.5,IF(N48<N40,1,0))) | O49: =IF(O48="","",IF(O48=O40,0.5,IF(O48<O40,1,0))) | P49: =IF(P48="","",IF(P48=P40,0.5,IF(P48<P40,1,0))) | Q49: =IF(H49="","",SUM(H49:P49)) | S49: =IF(S48="","",IF(S48=S40,0.5,IF(S48<S40,1,0))) | T49: =IF(T48="","",IF(T48=T40,0.5,IF(T48<T40,1,0))) | U49: =IF(U48="","",IF(U48=U40,0.5,IF(U48<U40,1,0))) | V49: =IF(V48="","",IF(V48=V40,0.5,IF(V48<V40,1,0))) | W49: =IF(W48="","",IF(W48=W40,0.5,IF(W48<W40,1,0))) | X49: =IF(X48="","",IF(X48=X40,0.5,IF(X48<X40,1,0))) | Y49: =IF(Y48="","",IF(Y48=Y40,0.5,IF(Y48<Y40,1,0))) | Z49: =IF(Z48="","",IF(Z48=Z40,0.5,IF(Z48<Z40,1,0))) | AA49: =IF(AA48="","",IF(AA48=AA40,0.5,IF(AA48<AA40,1,0))) | AB49: =IF(S49="","",SUM(S49:AA49)) | AC49: =IF(AB49="","",AB49+Q49)
F53: =F28 -> MICHIGAN OPEN 2022 - PRACTICE ROUND - CROOKED TREE
J54: =J29 -> FRONT | V54: =V29 -> BACK
G55: =G30 -> HOLE | H55: =H30 -> 1 | I55: =I30 -> 2 | J55: =J30 -> 3 | K55: =K30 -> 4 | L55: =L30 -> 5 | M55: =M30 -> 6 | N55: =N30 -> 7 | ... Q55: =Q30 -> OUT | S55: =S30 -> 10 | T55: =T30 -> 11 | U55: =U30 -> 12 | V55: =V30 -> 13 | W55: =W30 -> 14 | X55: =X30 -> 15 | Y55: =Y30 -> 16 | Z55: =Z30 -> 17 | ... AC55: =AC30 -> TOTAL
F56: =$F$6 -> BEST TWO OF FOUR | G56: =G31 -> PURPLE | H56: =H31 -> 376 | I56: =I31 -> 166 | J56: =J31 -> 403 | K56: =K31 -> 388 | L56: =L31 -> 166 | M56: =M31 -> 532 | N56: =N31 -> 388 | ... Q56: =Q31 -> 3049 | S56: =S31 -> 431 | T56: =T31 -> 170 | U56: =U31 -> 405 | V56: =V31 -> 551 | W56: =W31 -> 377 | X56: =X31 -> 173 | Y56: =Y31 -> 376 | Z56: =Z31 -> 474 | ... AB56: =AB31 -> 3347 | AC56: =AB56+Q56 -> 6396
G57: =G32 -> PAR | H57: =H32 -> 4 | I57: =I32 -> 3 | J57: =J32 -> 4 | K57: =K32 -> 4 | L57: =L32 -> 3 | M57: =M32 -> 5 | N57: =N32 -> 4 | ... Q57: =Q32 -> 35 | S57: =S32 -> 4 | T57: =T32 -> 3 | U57: =U32 -> 4 | V57: =V32 -> 5 | W57: =W32 -> 4 | X57: =X32 -> 3 | Y57: =Y32 -> 4 | Z57: =Z32 -> 5 | ... AB57: =AB32 -> 36 | AC57: =AB57+Q57 -> 71
G58: =G33 -> HDCP | H58: =H33 -> 7 | I58: =I33 -> 11 | J58: =J33 -> 3 | K58: =K33 -> 1 | L58: =L33 -> 13 | M58: =M33 -> 9 | N58: =N33 -> 5 | ... P58: =P33 -> 17 | S58: =S33 -> 8 | T58: =T33 -> 14 | U58: =U33 -> 2 | V58: =V33 -> 6 | W58: =W33 -> 12 | X58: =X33 -> 16 | Y58: =Y33 -> 10 | Z58: =Z33 -> 18 | AA58: =AA33 -> 4
G60: =IFERROR(VLOOKUP(F60,HANDICAPS!$B$8:$G$23,$D$3,FALSE),"") | H60: =IFERROR(IF($G60>18,IF(($G60-18)>H$33,"**","*"),IF($G60>=H$8,"*","")),"") -> * | I60: =IFERROR(IF($G60>18,IF(($G60-18)>I$33,"**","*"),IF($G60>=I$8,"*","")),"") -> * | J60: =IFERROR(IF($G60>18,IF(($G60-18)>J$33,"**","*"),IF($G60>=J$8,"*","")),"") -> * | K60: =IFERROR(IF($G60>18,IF(($G60-18)>K$33,"**","*"),IF($G60>=K$8,"*","")),"") -> * | L60: =IFERROR(IF($G60>18,IF(($G60-18)>L$33,"**","*"),IF($G60>=L$8,"*","")),"") -> * | M60: =IFERROR(IF($G60>18,IF(($G60-18)>M$33,"**","*"),IF($G60>=M$8,"*","")),"") -> * | N60: =IFERROR(IF($G60>18,IF(($G60-18)>N$33,"**","*"),IF($G60>=N$8,"*","")),"") -> * | O60: =IFERROR(IF($G60>18,IF(($G60-18)>O$33,"**","*"),IF($G60>=O$8,"*","")),"") -> * | P60: =IFERROR(IF($G60>18,IF(($G60-18)>P$33,"**","*"),IF($G60>=P$8,"*","")),"") -> * | S60: =IFERROR(IF($G60>18,IF(($G60-18)>S$33,"**","*"),IF($G60>=S$8,"*","")),"") -> * | T60: =IFERROR(IF($G60>18,IF(($G60-18)>T$33,"**","*"),IF($G60>=T$8,"*","")),"") -> * | U60: =IFERROR(IF($G60>18,IF(($G60-18)>U$33,"**","*"),IF($G60>=U$8,"*","")),"") -> * | V60: =IFERROR(IF($G60>18,IF(($G60-18)>V$33,"**","*"),IF($G60>=V$8,"*","")),"") -> * | W60: =IFERROR(IF($G60>18,IF(($G60-18)>W$33,"**","*"),IF($G60>=W$8,"*","")),"") -> * | X60: =IFERROR(IF($G60>18,IF(($G60-18)>X$33,"**","*"),IF($G60>=X$8,"*","")),"") -> * | Y60: =IFERROR(IF($G60>18,IF(($G60-18)>Y$33,"**","*"),IF($G60>=Y$8,"*","")),"") -> * | Z60: =IFERROR(IF($G60>18,IF(($G60-18)>Z$33,"**","*"),IF($G60>=Z$8,"*","")),"") -> * | AA60: =IFERROR(IF($G60>18,IF(($G60-18)>AA$33,"**","*"),IF($G60>=AA$8,"*","")),"") -> * | AC60: =IF(AB60="","",SUM(Q60,AB60))
Q61: =IF(H61="","",SUM(H61:P61)) | AB61: =IF(S61="","",SUM(S61:AA61)) | AC61: =IFERROR(Q61+AB61,"") -> 0
G62: =IFERROR(VLOOKUP(F62,HANDICAPS!$B$8:$G$23,$D$3,FALSE),"") | H62: =IFERROR(IF($G62>18,IF(($G62-18)>H$33,"**","*"),IF($G62>=H$8,"*","")),"") -> * | I62: =IFERROR(IF($G62>18,IF(($G62-18)>I$33,"**","*"),IF($G62>=I$8,"*","")),"") -> * | J62: =IFERROR(IF($G62>18,IF(($G62-18)>J$33,"**","*"),IF($G62>=J$8,"*","")),"") -> * | K62: =IFERROR(IF($G62>18,IF(($G62-18)>K$33,"**","*"),IF($G62>=K$8,"*","")),"") -> * | L62: =IFERROR(IF($G62>18,IF(($G62-18)>L$33,"**","*"),IF($G62>=L$8,"*","")),"") -> * | M62: =IFERROR(IF($G62>18,IF(($G62-18)>M$33,"**","*"),IF($G62>=M$8,"*","")),"") -> * | N62: =IFERROR(IF($G62>18,IF(($G62-18)>N$33,"**","*"),IF($G62>=N$8,"*","")),"") -> * | O62: =IFERROR(IF($G62>18,IF(($G62-18)>O$33,"**","*"),IF($G62>=O$8,"*","")),"") -> * | P62: =IFERROR(IF($G62>18,IF(($G62-18)>P$33,"**","*"),IF($G62>=P$8,"*","")),"") -> * | S62: =IFERROR(IF($G62>18,IF(($G62-18)>S$33,"**","*"),IF($G62>=S$8,"*","")),"") -> * | T62: =IFERROR(IF($G62>18,IF(($G62-18)>T$33,"**","*"),IF($G62>=T$8,"*","")),"") -> * | U62: =IFERROR(IF($G62>18,IF(($G62-18)>U$33,"**","*"),IF($G62>=U$8,"*","")),"") -> * | V62: =IFERROR(IF($G62>18,IF(($G62-18)>V$33,"**","*"),IF($G62>=V$8,"*","")),"") -> * | W62: =IFERROR(IF($G62>18,IF(($G62-18)>W$33,"**","*"),IF($G62>=W$8,"*","")),"") -> * | X62: =IFERROR(IF($G62>18,IF(($G62-18)>X$33,"**","*"),IF($G62>=X$8,"*","")),"") -> * | Y62: =IFERROR(IF($G62>18,IF(($G62-18)>Y$33,"**","*"),IF($G62>=Y$8,"*","")),"") -> * | Z62: =IFERROR(IF($G62>18,IF(($G62-18)>Z$33,"**","*"),IF($G62>=Z$8,"*","")),"") -> * | AA62: =IFERROR(IF($G62>18,IF(($G62-18)>AA$33,"**","*"),IF($G62>=AA$8,"*","")),"") -> * | AC62: =IF(AB62="","",SUM(Q62,AB62))
Q63: =IF(H63="","",SUM(H63:P63)) | AB63: =IF(S63="","",SUM(S63:AA63)) | AC63: =IFERROR(Q63+AB63,"") -> 0
F65: BEST BALL (NET) | H65: =IF(H61="","",MIN(IF(H60="**",H61-2,IF(H60="*",H61-1,H61)),(IF(H62="**",H63-2,IF(H62="*",H63-1,H63))))) | I65: =IF(I61="","",MIN(IF(I60="**",I61-2,IF(I60="*",I61-1,I61)),(IF(I62="**",I63-2,IF(I62="*",I63-1,I63))))) | J65: =IF(J61="","",MIN(IF(J60="**",J61-2,IF(J60="*",J61-1,J61)),(IF(J62="**",J63-2,IF(J62="*",J63-1,J63))))) | K65: =IF(K61="","",MIN(IF(K60="**",K61-2,IF(K60="*",K61-1,K61)),(IF(K62="**",K63-2,IF(K62="*",K63-1,K63))))) | L65: =IF(L61="","",MIN(IF(L60="**",L61-2,IF(L60="*",L61-1,L61)),(IF(L62="**",L63-2,IF(L62="*",L63-1,L63))))) | M65: =IF(M61="","",MIN(IF(M60="**",M61-2,IF(M60="*",M61-1,M61)),(IF(M62="**",M63-2,IF(M62="*",M63-1,M63))))) | N65: =IF(N61="","",MIN(IF(N60="**",N61-2,IF(N60="*",N61-1,N61)),(IF(N62="**",N63-2,IF(N62="*",N63-1,N63))))) | O65: =IF(O61="","",MIN(IF(O60="**",O61-2,IF(O60="*",O61-1,O61)),(IF(O62="**",O63-2,IF(O62="*",O63-1,O63))))) | P65: =IF(P61="","",MIN(IF(P60="**",P61-2,IF(P60="*",P61-1,P61)),(IF(P62="**",P63-2,IF(P62="*",P63-1,P63))))) | Q65: =IF(H65="","",SUM(H65:P65)) | S65: =IF(S61="","",MIN(IF(S60="**",S61-2,IF(S60="*",S61-1,S61)),(IF(S62="**",S63-2,IF(S62="*",S63-1,S63))))) | T65: =IF(T61="","",MIN(IF(T60="**",T61-2,IF(T60="*",T61-1,T61)),(IF(T62="**",T63-2,IF(T62="*",T63-1,T63))))) | U65: =IF(U61="","",MIN(IF(U60="**",U61-2,IF(U60="*",U61-1,U61)),(IF(U62="**",U63-2,IF(U62="*",U63-1,U63))))) | V65: =IF(V61="","",MIN(IF(V60="**",V61-2,IF(V60="*",V61-1,V61)),(IF(V62="**",V63-2,IF(V62="*",V63-1,V63))))) | W65: =IF(W61="","",MIN(IF(W60="**",W61-2,IF(W60="*",W61-1,W61)),(IF(W62="**",W63-2,IF(W62="*",W63-1,W63))))) | X65: =IF(X61="","",MIN(IF(X60="**",X61-2,IF(X60="*",X61-1,X61)),(IF(X62="**",X63-2,IF(X62="*",X63-1,X63))))) | Y65: =IF(Y61="","",MIN(IF(Y60="**",Y61-2,IF(Y60="*",Y61-1,Y61)),(IF(Y62="**",Y63-2,IF(Y62="*",Y63-1,Y63))))) | Z65: =IF(Z61="","",MIN(IF(Z60="**",Z61-2,IF(Z60="*",Z61-1,Z61)),(IF(Z62="**",Z63-2,IF(Z62="*",Z63-1,Z63))))) | AA65: =IF(AA61="","",MIN(IF(AA60="**",AA61-2,IF(AA60="*",AA61-1,AA61)),(IF(AA62="**",AA63-2,IF(AA62="*",AA63-1,AA63))))) | AB65: =IF(S65="","",SUM(S65:AA65)) | AC65: =IF(AB65="","",AB65+Q65)
F66: TEAM POINTS | H66: =IF(H65="","",IF(H65=H73,0.5,IF(H65<H73,1,0))) | I66: =IF(I65="","",IF(I65=I73,0.5,IF(I65<I73,1,0))) | J66: =IF(J65="","",IF(J65=J73,0.5,IF(J65<J73,1,0))) | K66: =IF(K65="","",IF(K65=K73,0.5,IF(K65<K73,1,0))) | L66: =IF(L65="","",IF(L65=L73,0.5,IF(L65<L73,1,0))) | M66: =IF(M65="","",IF(M65=M73,0.5,IF(M65<M73,1,0))) | N66: =IF(N65="","",IF(N65=N73,0.5,IF(N65<N73,1,0))) | O66: =IF(O65="","",IF(O65=O73,0.5,IF(O65<O73,1,0))) | P66: =IF(P65="","",IF(P65=P73,0.5,IF(P65<P73,1,0))) | Q66: =IF(H66="","",SUM(H66:P66)) | S66: =IF(S65="","",IF(S65=S73,0.5,IF(S65<S73,1,0))) | T66: =IF(T65="","",IF(T65=T73,0.5,IF(T65<T73,1,0))) | U66: =IF(U65="","",IF(U65=U73,0.5,IF(U65<U73,1,0))) | V66: =IF(V65="","",IF(V65=V73,0.5,IF(V65<V73,1,0))) | W66: =IF(W65="","",IF(W65=W73,0.5,IF(W65<W73,1,0))) | X66: =IF(X65="","",IF(X65=X73,0.5,IF(X65<X73,1,0))) | Y66: =IF(Y65="","",IF(Y65=Y73,0.5,IF(Y65<Y73,1,0))) | Z66: =IF(Z65="","",IF(Z65=Z73,0.5,IF(Z65<Z73,1,0))) | AA66: =IF(AA65="","",IF(AA65=AA73,0.5,IF(AA65<AA73,1,0))) | AB66: =IF(S66="","",SUM(S66:AA66)) | AC66: =IF(AB66="","",AB66+Q66)
G68: =IFERROR(VLOOKUP(F68,HANDICAPS!$B$8:$G$23,$D$3,FALSE),"") | H68: =IFERROR(IF($G68>18,IF(($G68-18)>H$33,"**","*"),IF($G68>=H$8,"*","")),"") -> * | I68: =IFERROR(IF($G68>18,IF(($G68-18)>I$33,"**","*"),IF($G68>=I$8,"*","")),"") -> * | J68: =IFERROR(IF($G68>18,IF(($G68-18)>J$33,"**","*"),IF($G68>=J$8,"*","")),"") -> * | K68: =IFERROR(IF($G68>18,IF(($G68-18)>K$33,"**","*"),IF($G68>=K$8,"*","")),"") -> * | L68: =IFERROR(IF($G68>18,IF(($G68-18)>L$33,"**","*"),IF($G68>=L$8,"*","")),"") -> * | M68: =IFERROR(IF($G68>18,IF(($G68-18)>M$33,"**","*"),IF($G68>=M$8,"*","")),"") -> * | N68: =IFERROR(IF($G68>18,IF(($G68-18)>N$33,"**","*"),IF($G68>=N$8,"*","")),"") -> * | O68: =IFERROR(IF($G68>18,IF(($G68-18)>O$33,"**","*"),IF($G68>=O$8,"*","")),"") -> * | P68: =IFERROR(IF($G68>18,IF(($G68-18)>P$33,"**","*"),IF($G68>=P$8,"*","")),"") -> * | S68: =IFERROR(IF($G68>18,IF(($G68-18)>S$33,"**","*"),IF($G68>=S$8,"*","")),"") -> * | T68: =IFERROR(IF($G68>18,IF(($G68-18)>T$33,"**","*"),IF($G68>=T$8,"*","")),"") -> * | U68: =IFERROR(IF($G68>18,IF(($G68-18)>U$33,"**","*"),IF($G68>=U$8,"*","")),"") -> * | V68: =IFERROR(IF($G68>18,IF(($G68-18)>V$33,"**","*"),IF($G68>=V$8,"*","")),"") -> * | W68: =IFERROR(IF($G68>18,IF(($G68-18)>W$33,"**","*"),IF($G68>=W$8,"*","")),"") -> * | X68: =IFERROR(IF($G68>18,IF(($G68-18)>X$33,"**","*"),IF($G68>=X$8,"*","")),"") -> * | Y68: =IFERROR(IF($G68>18,IF(($G68-18)>Y$33,"**","*"),IF($G68>=Y$8,"*","")),"") -> * | Z68: =IFERROR(IF($G68>18,IF(($G68-18)>Z$33,"**","*"),IF($G68>=Z$8,"*","")),"") -> * | AA68: =IFERROR(IF($G68>18,IF(($G68-18)>AA$33,"**","*"),IF($G68>=AA$8,"*","")),"") -> * | AC68: =IF(AB68="","",SUM(Q68,AB68))
Q69: =IF(H69="","",SUM(H69:P69)) | AB69: =IF(S69="","",SUM(S69:AA69)) | AC69: =IFERROR(Q69+AB69,"") -> 0
G70: =IFERROR(VLOOKUP(F70,HANDICAPS!$B$8:$G$23,$D$3,FALSE),"") | H70: =IFERROR(IF($G70>18,IF(($G70-18)>H$33,"**","*"),IF($G70>=H$8,"*","")),"") -> * | I70: =IFERROR(IF($G70>18,IF(($G70-18)>I$33,"**","*"),IF($G70>=I$8,"*","")),"") -> * | J70: =IFERROR(IF($G70>18,IF(($G70-18)>J$33,"**","*"),IF($G70>=J$8,"*","")),"") -> * | K70: =IFERROR(IF($G70>18,IF(($G70-18)>K$33,"**","*"),IF($G70>=K$8,"*","")),"") -> * | L70: =IFERROR(IF($G70>18,IF(($G70-18)>L$33,"**","*"),IF($G70>=L$8,"*","")),"") -> * | M70: =IFERROR(IF($G70>18,IF(($G70-18)>M$33,"**","*"),IF($G70>=M$8,"*","")),"") -> * | N70: =IFERROR(IF($G70>18,IF(($G70-18)>N$33,"**","*"),IF($G70>=N$8,"*","")),"") -> * | O70: =IFERROR(IF($G70>18,IF(($G70-18)>O$33,"**","*"),IF($G70>=O$8,"*","")),"") -> * | P70: =IFERROR(IF($G70>18,IF(($G70-18)>P$33,"**","*"),IF($G70>=P$8,"*","")),"") -> * | S70: =IFERROR(IF($G70>18,IF(($G70-18)>S$33,"**","*"),IF($G70>=S$8,"*","")),"") -> * | T70: =IFERROR(IF($G70>18,IF(($G70-18)>T$33,"**","*"),IF($G70>=T$8,"*","")),"") -> * | U70: =IFERROR(IF($G70>18,IF(($G70-18)>U$33,"**","*"),IF($G70>=U$8,"*","")),"") -> * | V70: =IFERROR(IF($G70>18,IF(($G70-18)>V$33,"**","*"),IF($G70>=V$8,"*","")),"") -> * | W70: =IFERROR(IF($G70>18,IF(($G70-18)>W$33,"**","*"),IF($G70>=W$8,"*","")),"") -> * | X70: =IFERROR(IF($G70>18,IF(($G70-18)>X$33,"**","*"),IF($G70>=X$8,"*","")),"") -> * | Y70: =IFERROR(IF($G70>18,IF(($G70-18)>Y$33,"**","*"),IF($G70>=Y$8,"*","")),"") -> * | Z70: =IFERROR(IF($G70>18,IF(($G70-18)>Z$33,"**","*"),IF($G70>=Z$8,"*","")),"") -> * | AA70: =IFERROR(IF($G70>18,IF(($G70-18)>AA$33,"**","*"),IF($G70>=AA$8,"*","")),"") -> * | AC70: =IF(AB70="","",SUM(Q70,AB70))
Q71: =IF(H71="","",SUM(H71:P71)) | AB71: =IF(S71="","",SUM(S71:AA71)) | AC71: =IFERROR(Q71+AB71,"") -> 0
